{"v":"5.7.1","fr":29.9700012207031,"ip":0,"op":150.000006109625,"w":560,"h":560,"nm":"Paiement TPE","ddd":0,"assets":[],"layers":[{"ddd":0,"ind":3,"ty":4,"nm":"Valider carte","parent":11,"sr":1,"ks":{"o":{"a":0,"k":100,"ix":11},"r":{"a":0,"k":0,"ix":10},"p":{"a":0,"k":[347.003,124.191,0],"ix":2},"a":{"a":0,"k":[347.003,124.191,0],"ix":1},"s":{"a":1,"k":[{"i":{"x":[0.667,0.667,0.667],"y":[1,1,1]},"o":{"x":[0.333,0.333,0.333],"y":[0,0,0]},"t":78,"s":[0,0,100]},{"i":{"x":[0.667,0.667,0.667],"y":[1,1,1]},"o":{"x":[0.333,0.333,0.333],"y":[0,0,0]},"t":82,"s":[120,120,100]},{"i":{"x":[0.667,0.667,0.667],"y":[1,1,1]},"o":{"x":[0.333,0.333,0.333],"y":[0,0,0]},"t":84,"s":[100,100,100]},{"i":{"x":[0.667,0.667,0.667],"y":[1,1,1]},"o":{"x":[0.333,0.333,0.333],"y":[0,0,0]},"t":127,"s":[100,100,100]},{"t":131.000005335739,"s":[0,0,100]}],"ix":6}},"ao":0,"shapes":[{"ty":"gr","it":[{"ind":0,"ty":"sh","ix":1,"ks":{"a":0,"k":{"i":[[0,0],[0,0],[0,0]],"o":[[0,0],[0,0],[0,0]],"v":[[13.317,-11.045],[-2.08,11.045],[-13.317,3.213]],"c":false},"ix":2},"nm":"Tracé 1","mn":"ADBE Vector Shape - Group","hd":false},{"ty":"st","c":{"a":0,"k":[1,1,1,1],"ix":3},"o":{"a":0,"k":100,"ix":4},"w":{"a":0,"k":7,"ix":5},"lc":2,"lj":2,"bm":0,"nm":"Contour 1","mn":"ADBE Vector Graphic - Stroke","hd":false},{"ty":"tr","p":{"a":0,"k":[349.325,125.318],"ix":2},"a":{"a":0,"k":[0,0],"ix":1},"s":{"a":0,"k":[100,100],"ix":3},"r":{"a":0,"k":0,"ix":6},"o":{"a":0,"k":100,"ix":7},"sk":{"a":0,"k":0,"ix":4},"sa":{"a":0,"k":0,"ix":5},"nm":"Transformer "}],"nm":"Groupe 1","np":2,"cix":2,"bm":0,"ix":1,"mn":"ADBE Vector Group","hd":false},{"ty":"gr","it":[{"ind":0,"ty":"sh","ix":1,"ks":{"a":0,"k":{"i":[[-2.717,-15.223],[15.224,-2.718],[2.717,15.223],[-15.224,2.718]],"o":[[2.718,15.223],[-15.223,2.717],[-2.718,-15.223],[15.223,-2.717]],"v":[[27.564,-4.921],[4.92,27.564],[-27.564,4.92],[-4.92,-27.564]],"c":true},"ix":2},"nm":"Tracé 1","mn":"ADBE Vector Shape - Group","hd":false},{"ty":"fl","c":{"a":0,"k":[0.169000004787,0.685999971278,0.497999991623,1],"ix":4},"o":{"a":0,"k":100,"ix":5},"r":1,"bm":0,"nm":"Fond 1","mn":"ADBE Vector Graphic - Fill","hd":false},{"ty":"tr","p":{"a":0,"k":[347.626,125.045],"ix":2},"a":{"a":0,"k":[0,0],"ix":1},"s":{"a":0,"k":[100,100],"ix":3},"r":{"a":0,"k":0,"ix":6},"o":{"a":0,"k":100,"ix":7},"sk":{"a":0,"k":0,"ix":4},"sa":{"a":0,"k":0,"ix":5},"nm":"Transformer "}],"nm":"Groupe 2","np":4,"cix":2,"bm":0,"ix":2,"mn":"ADBE Vector Group","hd":false},{"ty":"tm","s":{"a":1,"k":[{"i":{"x":[0.667],"y":[1]},"o":{"x":[0.333],"y":[0]},"t":78,"s":[100]},{"t":84.0000034213901,"s":[0]}],"ix":1},"e":{"a":0,"k":100,"ix":2},"o":{"a":0,"k":0,"ix":3},"m":1,"ix":3,"nm":"Réduire les tracés 1","mn":"ADBE Vector Filter - Trim","hd":false}],"ip":78.0000031770051,"op":140.000005702317,"st":0,"bm":0},{"ddd":0,"ind":5,"ty":4,"nm":"Pouce","parent":11,"sr":1,"ks":{"o":{"a":0,"k":100,"ix":11},"r":{"a":0,"k":0,"ix":10},"p":{"a":0,"k":[280,280,0],"ix":2},"a":{"a":0,"k":[280,280,0],"ix":1},"s":{"a":0,"k":[100,100,100],"ix":6}},"ao":0,"shapes":[{"ty":"gr","it":[{"ind":0,"ty":"sh","ix":1,"ks":{"a":1,"k":[{"i":{"x":0.667,"y":1},"o":{"x":0.333,"y":0},"t":9,"s":[{"i":[[0,0],[12.768,-7.245],[-7.595,-7.645],[6.322,-9.961]],"o":[[-13.474,-15.766],[-12.768,7.246],[7.594,7.645],[0,0]],"v":[[47.237,20.132],[-34.47,-31.283],[-22.805,3.76],[6.595,38.528]],"c":false}]},{"i":{"x":0.667,"y":1},"o":{"x":0.333,"y":0},"t":15,"s":[{"i":[[0,0],[12.768,-7.245],[-7.595,-7.645],[6.322,-9.961]],"o":[[-13.474,-15.766],[-12.768,7.246],[7.594,7.645],[0,0]],"v":[[47.237,20.132],[-30.47,-55.283],[-16.805,-6.24],[6.595,38.528]],"c":false}]},{"i":{"x":0.667,"y":1},"o":{"x":0.333,"y":0},"t":18,"s":[{"i":[[0,0],[12.768,-7.245],[-7.595,-7.645],[6.322,-9.961]],"o":[[-13.474,-15.766],[-12.768,7.246],[7.594,7.645],[0,0]],"v":[[47.237,20.132],[-26.47,-55.283],[-12.805,-8.24],[6.596,38.528]],"c":false}]},{"i":{"x":0.667,"y":1},"o":{"x":0.333,"y":0},"t":21,"s":[{"i":[[0,0],[12.768,-7.245],[-7.595,-7.645],[6.322,-9.961]],"o":[[-13.474,-15.766],[-12.768,7.246],[7.594,7.645],[0,0]],"v":[[47.237,20.132],[-30.47,-55.283],[-16.805,-6.24],[6.595,38.528]],"c":false}]},{"i":{"x":0.833,"y":1},"o":{"x":0.167,"y":0},"t":23,"s":[{"i":[[0,0],[12.768,-7.245],[-7.595,-7.645],[6.322,-9.961]],"o":[[-13.474,-15.766],[-12.768,7.246],[7.594,7.645],[0,0]],"v":[[47.237,20.132],[-54.47,-37.283],[-42.805,-10.24],[6.595,38.528]],"c":false}]},{"i":{"x":0.833,"y":1},"o":{"x":0.167,"y":0},"t":28,"s":[{"i":[[0,0],[12.768,-7.245],[-7.595,-7.645],[6.322,-9.961]],"o":[[-13.474,-15.766],[-12.768,7.246],[7.594,7.645],[0,0]],"v":[[47.237,20.132],[-32.47,-47.283],[-24.805,-18.24],[6.595,38.528]],"c":false}]},{"i":{"x":0.833,"y":1},"o":{"x":0.167,"y":0},"t":78,"s":[{"i":[[0,0],[12.768,-7.245],[-7.595,-7.645],[6.322,-9.961]],"o":[[-13.474,-15.766],[-12.768,7.246],[7.594,7.645],[0,0]],"v":[[47.237,20.132],[-32.47,-47.283],[-24.805,-18.24],[6.595,38.528]],"c":false}]},{"t":96.0000039101602,"s":[{"i":[[0,0],[12.768,-7.245],[-7.595,-7.645],[6.322,-9.961]],"o":[[-13.474,-15.766],[-12.768,7.246],[7.594,7.645],[0,0]],"v":[[47.237,20.132],[-34.47,-31.283],[-22.805,3.76],[6.595,38.528]],"c":false}]}],"ix":2},"nm":"Tracé 1","mn":"ADBE Vector Shape - Group","hd":false},{"ty":"fl","c":{"a":0,"k":[0.957000014361,0.702000038297,0.541000007181,1],"ix":4},"o":{"a":0,"k":100,"ix":5},"r":1,"bm":0,"nm":"Fond 1","mn":"ADBE Vector Graphic - Fill","hd":false},{"ty":"tr","p":{"a":0,"k":[429.328,190.382],"ix":2},"a":{"a":0,"k":[0,0],"ix":1},"s":{"a":0,"k":[100,100],"ix":3},"r":{"a":0,"k":0,"ix":6},"o":{"a":0,"k":100,"ix":7},"sk":{"a":0,"k":0,"ix":4},"sa":{"a":0,"k":0,"ix":5},"nm":"Transformer "}],"nm":"Groupe 1","np":4,"cix":2,"bm":0,"ix":1,"mn":"ADBE Vector Group","hd":false}],"ip":0,"op":150.000006109625,"st":0,"bm":0},{"ddd":0,"ind":7,"ty":4,"nm":"Carte","parent":11,"sr":1,"ks":{"o":{"a":0,"k":100,"ix":11},"r":{"a":0,"k":0,"ix":10},"p":{"a":0,"k":[356,200,0],"ix":2},"a":{"a":0,"k":[356,200,0],"ix":1},"s":{"a":1,"k":[{"i":{"x":[0.878,0.878,0.667],"y":[1,1,1]},"o":{"x":[1,1,0.333],"y":[0,0,0]},"t":40,"s":[0,0,100]},{"i":{"x":[0.833,0.833,0.833],"y":[1,1,1]},"o":{"x":[0.333,0.333,0.333],"y":[0,0,0]},"t":45,"s":[100,100,100]},{"i":{"x":[0.833,0.833,0.833],"y":[1,1,1]},"o":{"x":[0.167,0.167,0.167],"y":[0,0,0]},"t":125,"s":[100,100,100]},{"t":130.000005295009,"s":[0,0,100]}],"ix":6}},"ao":0,"shapes":[{"ty":"gr","it":[{"ind":0,"ty":"sh","ix":1,"ks":{"a":0,"k":{"i":[[0,0],[0,0],[0,0],[0,0]],"o":[[0,0],[0,0],[0,0],[0,0]],"v":[[9.447,7.323],[-7.323,9.447],[-9.447,-7.323],[7.323,-9.447]],"c":true},"ix":2},"nm":"Tracé 1","mn":"ADBE Vector Shape - Group","hd":false},{"ty":"fl","c":{"a":0,"k":[0.536999990426,0.536999990426,0.536999990426,1],"ix":4},"o":{"a":0,"k":100,"ix":5},"r":1,"bm":0,"nm":"Fond 1","mn":"ADBE Vector Graphic - Fill","hd":false},{"ty":"tr","p":{"a":0,"k":[324.334,182.263],"ix":2},"a":{"a":0,"k":[0,0],"ix":1},"s":{"a":0,"k":[100,100],"ix":3},"r":{"a":0,"k":0,"ix":6},"o":{"a":0,"k":100,"ix":7},"sk":{"a":0,"k":0,"ix":4},"sa":{"a":0,"k":0,"ix":5},"nm":"Transformer "}],"nm":"Groupe 1","np":4,"cix":2,"bm":0,"ix":1,"mn":"ADBE Vector Group","hd":false},{"ty":"gr","it":[{"ind":0,"ty":"sh","ix":1,"ks":{"a":0,"k":{"i":[[0,0],[0,0],[0,0],[0,0]],"o":[[0,0],[0,0],[0,0],[0,0]],"v":[[9.447,7.323],[-7.324,9.447],[-9.447,-7.323],[7.322,-9.447]],"c":true},"ix":2},"nm":"Tracé 1","mn":"ADBE Vector Shape - Group","hd":false},{"ty":"fl","c":{"a":0,"k":[0.8,0.776000019148,0.8,1],"ix":4},"o":{"a":0,"k":100,"ix":5},"r":1,"bm":0,"nm":"Fond 1","mn":"ADBE Vector Graphic - Fill","hd":false},{"ty":"tr","p":{"a":0,"k":[329.306,186.118],"ix":2},"a":{"a":0,"k":[0,0],"ix":1},"s":{"a":0,"k":[100,100],"ix":3},"r":{"a":0,"k":0,"ix":6},"o":{"a":0,"k":100,"ix":7},"sk":{"a":0,"k":0,"ix":4},"sa":{"a":0,"k":0,"ix":5},"nm":"Transformer "}],"nm":"Groupe 2","np":4,"cix":2,"bm":0,"ix":2,"mn":"ADBE Vector Group","hd":false},{"ty":"gr","it":[{"ind":0,"ty":"sh","ix":1,"ks":{"a":0,"k":{"i":[[0.348,2.75],[2.142,1.421],[-0.348,-2.75],[-2.142,-1.421]],"o":[[-0.349,-2.75],[-1.72,1.91],[0.348,2.75],[1.721,-1.91]],"v":[[3.159,-0.4],[-0.871,-6.875],[-3.159,0.4],[0.87,6.875]],"c":true},"ix":2},"nm":"Tracé 1","mn":"ADBE Vector Shape - Group","hd":false},{"ty":"fl","c":{"a":0,"k":[0.317999985639,0.310000011968,0.317999985639,1],"ix":4},"o":{"a":0,"k":100,"ix":5},"r":1,"bm":0,"nm":"Fond 1","mn":"ADBE Vector Graphic - Fill","hd":false},{"ty":"tr","p":{"a":0,"k":[377.561,181.234],"ix":2},"a":{"a":0,"k":[0,0],"ix":1},"s":{"a":0,"k":[100,100],"ix":3},"r":{"a":0,"k":0,"ix":6},"o":{"a":0,"k":100,"ix":7},"sk":{"a":0,"k":0,"ix":4},"sa":{"a":0,"k":0,"ix":5},"nm":"Transformer "}],"nm":"Groupe 3","np":4,"cix":2,"bm":0,"ix":3,"mn":"ADBE Vector Group","hd":false},{"ty":"gr","it":[{"ind":0,"ty":"sh","ix":1,"ks":{"a":0,"k":{"i":[[5.016,-0.635],[1.417,-1.574],[-0.348,-2.751],[1.72,-1.91],[-2.265,0.287],[0.636,5.015]],"o":[[-2.266,0.287],[2.143,1.42],[0.348,2.75],[1.764,1.17],[5.015,-0.635],[-0.635,-5.016]],"v":[[-2.611,-8.908],[-8.255,-5.951],[-4.225,0.524],[-6.513,7.799],[-0.311,9.256],[7.62,-0.976]],"c":true},"ix":2},"nm":"Tracé 1","mn":"ADBE Vector Shape - Group","hd":false},{"ty":"fl","c":{"a":0,"k":[0.536999990426,0.536999990426,0.536999990426,1],"ix":4},"o":{"a":0,"k":100,"ix":5},"r":1,"bm":0,"nm":"Fond 1","mn":"ADBE Vector Graphic - Fill","hd":false},{"ty":"tr","p":{"a":0,"k":[384.945,180.31],"ix":2},"a":{"a":0,"k":[0,0],"ix":1},"s":{"a":0,"k":[100,100],"ix":3},"r":{"a":0,"k":0,"ix":6},"o":{"a":0,"k":100,"ix":7},"sk":{"a":0,"k":0,"ix":4},"sa":{"a":0,"k":0,"ix":5},"nm":"Transformer "}],"nm":"Groupe 4","np":4,"cix":2,"bm":0,"ix":4,"mn":"ADBE Vector Group","hd":false},{"ty":"gr","it":[{"ind":0,"ty":"sh","ix":1,"ks":{"a":0,"k":{"i":[[0.348,2.75],[-1.72,1.91],[2.265,-0.287],[-0.635,-5.016],[-5.015,0.635],[-1.417,1.573]],"o":[[-0.348,-2.75],[-1.765,-1.171],[-5.016,0.635],[0.636,5.016],[2.265,-0.286],[-2.142,-1.421]],"v":[[4.226,-0.524],[6.514,-7.799],[0.312,-9.256],[-7.62,0.976],[2.612,8.907],[8.255,5.951]],"c":true},"ix":2},"nm":"Tracé 1","mn":"ADBE Vector Shape - Group","hd":false},{"ty":"fl","c":{"a":0,"k":[0.2,0.2,0.2,1],"ix":4},"o":{"a":0,"k":100,"ix":5},"r":1,"bm":0,"nm":"Fond 1","mn":"ADBE Vector Graphic - Fill","hd":false},{"ty":"tr","p":{"a":0,"k":[370.176,182.158],"ix":2},"a":{"a":0,"k":[0,0],"ix":1},"s":{"a":0,"k":[100,100],"ix":3},"r":{"a":0,"k":0,"ix":6},"o":{"a":0,"k":100,"ix":7},"sk":{"a":0,"k":0,"ix":4},"sa":{"a":0,"k":0,"ix":5},"nm":"Transformer "}],"nm":"Groupe 5","np":4,"cix":2,"bm":0,"ix":5,"mn":"ADBE Vector Group","hd":false},{"ty":"gr","it":[{"ind":0,"ty":"sh","ix":1,"ks":{"a":0,"k":{"i":[[4.477,-0.567],[0,0],[0.567,4.477],[0,0],[-4.477,0.567],[0,0],[-0.567,-4.477],[0,0]],"o":[[0,0],[-4.477,0.567],[0,0],[-0.567,-4.476],[0,0],[4.477,-0.568],[0,0],[0.566,4.476]],"v":[[47.341,67.091],[-29.121,76.775],[-38.254,69.695],[-54.42,-57.958],[-47.34,-67.091],[29.122,-76.773],[38.255,-69.694],[54.421,57.96]],"c":true},"ix":2},"nm":"Tracé 1","mn":"ADBE Vector Shape - Group","hd":false},{"ty":"fl","c":{"a":0,"k":[0.2901960784313726,0.2901960784313726,0.2901960784313726,1],"ix":4},"o":{"a":0,"k":100,"ix":5},"r":1,"bm":0,"nm":"Fond 1","mn":"ADBE Vector Graphic - Fill","hd":false},{"ty":"tr","p":{"a":0,"k":[347.089,128.266],"ix":2},"a":{"a":0,"k":[0,0],"ix":1},"s":{"a":0,"k":[100,100],"ix":3},"r":{"a":0,"k":0,"ix":6},"o":{"a":0,"k":100,"ix":7},"sk":{"a":0,"k":0,"ix":4},"sa":{"a":0,"k":0,"ix":5},"nm":"Transformer "}],"nm":"Groupe 6","np":4,"cix":2,"bm":0,"ix":6,"mn":"ADBE Vector Group","hd":false}],"ip":40.0000016292334,"op":150.000006109625,"st":0,"bm":0},{"ddd":0,"ind":9,"ty":4,"nm":"Icone Wallet","parent":11,"sr":1,"ks":{"o":{"a":1,"k":[{"i":{"x":[0.667],"y":[1]},"o":{"x":[0.333],"y":[0]},"t":33,"s":[100]},{"i":{"x":[0.733],"y":[1]},"o":{"x":[0.159],"y":[0]},"t":40,"s":[0]},{"i":{"x":[0.754],"y":[1]},"o":{"x":[0.413],"y":[0]},"t":132,"s":[0]},{"t":139.000005661586,"s":[100]}],"ix":11},"r":{"a":0,"k":0,"ix":10},"p":{"a":1,"k":[{"i":{"x":0.667,"y":1},"o":{"x":0.333,"y":0},"t":33,"s":[356,162,0],"to":[-1,-7,0],"ti":[1,7,0]},{"i":{"x":0.667,"y":0.667},"o":{"x":0.167,"y":0.167},"t":40,"s":[350,120,0],"to":[0,0,0],"ti":[0,0,0]},{"i":{"x":0.667,"y":1},"o":{"x":0.333,"y":0},"t":132,"s":[350,120,0],"to":[1,7,0],"ti":[-1,-7,0]},{"t":139.000005661586,"s":[356,162,0]}],"ix":2},"a":{"a":0,"k":[356,162,0],"ix":1},"s":{"a":1,"k":[{"i":{"x":[0.667,0.667,0.667],"y":[1,1,1]},"o":{"x":[0.333,0.333,0.333],"y":[0,0,0]},"t":23,"s":[100,100,100]},{"i":{"x":[0.667,0.667,0.667],"y":[1,1,1]},"o":{"x":[0.333,0.333,0.333],"y":[0,0,0]},"t":25,"s":[90,90,100]},{"t":27.0000010997325,"s":[100,100,100]}],"ix":6}},"ao":0,"shapes":[{"ty":"gr","it":[{"ind":0,"ty":"sh","ix":1,"ks":{"a":0,"k":{"i":[[0,0],[0.629,-2.129],[3.362,-0.426],[1.636,2.733],[2.203,-0.279],[0,0],[0,0],[-2.726,0.345],[0,0],[0.346,2.725],[0,0]],"o":[[-2.204,0.279],[-0.902,3.056],[-3.362,0.426],[-1.139,-1.907],[0,0],[0,0],[0.346,2.725],[0,0],[2.725,-0.345],[0,0],[0,0]],"v":[[11.139,-14.457],[6.439,-10.518],[-0.46,-4.649],[-8.603,-8.612],[-14.135,-11.256],[-31.151,-9.101],[-28.486,11.955],[-22.926,16.265],[26.496,10.006],[30.806,4.446],[28.139,-16.61]],"c":true},"ix":2},"nm":"Tracé 1","mn":"ADBE Vector Shape - Group","hd":false},{"ty":"fl","c":{"a":0,"k":[0.866999966491,0.808000033509,0.779999976065,1],"ix":4},"o":{"a":0,"k":100,"ix":5},"r":1,"bm":0,"nm":"Fond 1","mn":"ADBE Vector Graphic - Fill","hd":false},{"ty":"tr","p":{"a":0,"k":[354.326,169.958],"ix":2},"a":{"a":0,"k":[0,0],"ix":1},"s":{"a":0,"k":[100,100],"ix":3},"r":{"a":0,"k":0,"ix":6},"o":{"a":0,"k":100,"ix":7},"sk":{"a":0,"k":0,"ix":4},"sa":{"a":0,"k":0,"ix":5},"nm":"Transformer "}],"nm":"Groupe 1","np":4,"cix":2,"bm":0,"ix":1,"mn":"ADBE Vector Group","hd":false},{"ty":"gr","it":[{"ind":0,"ty":"sh","ix":1,"ks":{"a":0,"k":{"i":[[2.984,-0.378],[0,0],[-0.378,-2.984],[0,0],[-2.985,0.378],[0,0],[0.377,2.984],[0,0]],"o":[[0,0],[-2.985,0.378],[0,0],[0.378,2.985],[0,0],[2.985,-0.378],[0,0],[-0.378,-2.985]],"v":[[18.351,-17.813],[-22.211,-12.675],[-26.931,-6.588],[-24.439,13.093],[-18.35,17.812],[22.212,12.675],[26.932,6.588],[24.439,-13.093]],"c":true},"ix":2},"nm":"Tracé 1","mn":"ADBE Vector Shape - Group","hd":false},{"ty":"fl","c":{"a":0,"k":[0.936999990426,0.113999998803,0.328999986836,1],"ix":4},"o":{"a":0,"k":100,"ix":5},"r":1,"bm":0,"nm":"Fond 1","mn":"ADBE Vector Graphic - Fill","hd":false},{"ty":"tr","p":{"a":0,"k":[354.012,167.371],"ix":2},"a":{"a":0,"k":[0,0],"ix":1},"s":{"a":0,"k":[100,100],"ix":3},"r":{"a":0,"k":0,"ix":6},"o":{"a":0,"k":100,"ix":7},"sk":{"a":0,"k":0,"ix":4},"sa":{"a":0,"k":0,"ix":5},"nm":"Transformer "}],"nm":"Groupe 2","np":4,"cix":2,"bm":0,"ix":2,"mn":"ADBE Vector Group","hd":false},{"ty":"gr","it":[{"ind":0,"ty":"sh","ix":1,"ks":{"a":0,"k":{"i":[[2.984,-0.378],[0,0],[-0.378,-2.984],[0,0],[-2.985,0.377],[0,0],[0.377,2.985],[0,0]],"o":[[0,0],[-2.985,0.378],[0,0],[0.378,2.985],[0,0],[2.984,-0.378],[0,0],[-0.378,-2.985]],"v":[[18.351,-17.812],[-22.211,-12.675],[-26.931,-6.587],[-24.439,13.093],[-18.35,17.813],[22.212,12.676],[26.932,6.587],[24.439,-13.092]],"c":true},"ix":2},"nm":"Tracé 1","mn":"ADBE Vector Shape - Group","hd":false},{"ty":"fl","c":{"a":0,"k":[0.180000005984,0.717999985639,0.522000002394,1],"ix":4},"o":{"a":0,"k":100,"ix":5},"r":1,"bm":0,"nm":"Fond 1","mn":"ADBE Vector Graphic - Fill","hd":false},{"ty":"tr","p":{"a":0,"k":[353.555,163.765],"ix":2},"a":{"a":0,"k":[0,0],"ix":1},"s":{"a":0,"k":[100,100],"ix":3},"r":{"a":0,"k":0,"ix":6},"o":{"a":0,"k":100,"ix":7},"sk":{"a":0,"k":0,"ix":4},"sa":{"a":0,"k":0,"ix":5},"nm":"Transformer "}],"nm":"Groupe 3","np":4,"cix":2,"bm":0,"ix":3,"mn":"ADBE Vector Group","hd":false},{"ty":"gr","it":[{"ind":0,"ty":"sh","ix":1,"ks":{"a":0,"k":{"i":[[2.985,-0.378],[0,0],[-0.378,-2.985],[0,0],[-2.985,0.377],[0,0],[0.378,2.985],[0,0]],"o":[[0,0],[-2.984,0.378],[0,0],[0.378,2.984],[0,0],[2.985,-0.378],[0,0],[-0.378,-2.984]],"v":[[18.351,-17.812],[-22.211,-12.675],[-26.931,-6.587],[-24.438,13.093],[-18.35,17.813],[22.212,12.676],[26.932,6.587],[24.439,-13.093]],"c":true},"ix":2},"nm":"Tracé 1","mn":"ADBE Vector Shape - Group","hd":false},{"ty":"fl","c":{"a":0,"k":[0.948999980852,0.722000002394,0.078000005086,1],"ix":4},"o":{"a":0,"k":100,"ix":5},"r":1,"bm":0,"nm":"Fond 1","mn":"ADBE Vector Graphic - Fill","hd":false},{"ty":"tr","p":{"a":0,"k":[353.099,160.159],"ix":2},"a":{"a":0,"k":[0,0],"ix":1},"s":{"a":0,"k":[100,100],"ix":3},"r":{"a":0,"k":0,"ix":6},"o":{"a":0,"k":100,"ix":7},"sk":{"a":0,"k":0,"ix":4},"sa":{"a":0,"k":0,"ix":5},"nm":"Transformer "}],"nm":"Groupe 4","np":4,"cix":2,"bm":0,"ix":4,"mn":"ADBE Vector Group","hd":false},{"ty":"gr","it":[{"ind":0,"ty":"sh","ix":1,"ks":{"a":0,"k":{"i":[[2.984,-0.378],[0,0],[-0.378,-2.984],[0,0],[-2.985,0.378],[0,0],[0.377,2.984],[0,0]],"o":[[0,0],[-2.984,0.378],[0,0],[0.378,2.985],[0,0],[2.985,-0.378],[0,0],[-0.378,-2.985]],"v":[[18.351,-17.813],[-22.211,-12.675],[-26.931,-6.588],[-24.439,13.093],[-18.35,17.812],[22.212,12.675],[26.932,6.588],[24.439,-13.093]],"c":true},"ix":2},"nm":"Tracé 1","mn":"ADBE Vector Shape - Group","hd":false},{"ty":"fl","c":{"a":0,"k":[0.282000014361,0.317999985639,0.757000014361,1],"ix":4},"o":{"a":0,"k":100,"ix":5},"r":1,"bm":0,"nm":"Fond 1","mn":"ADBE Vector Graphic - Fill","hd":false},{"ty":"tr","p":{"a":0,"k":[352.641,156.553],"ix":2},"a":{"a":0,"k":[0,0],"ix":1},"s":{"a":0,"k":[100,100],"ix":3},"r":{"a":0,"k":0,"ix":6},"o":{"a":0,"k":100,"ix":7},"sk":{"a":0,"k":0,"ix":4},"sa":{"a":0,"k":0,"ix":5},"nm":"Transformer "}],"nm":"Groupe 5","np":4,"cix":2,"bm":0,"ix":5,"mn":"ADBE Vector Group","hd":false},{"ty":"gr","it":[{"ind":0,"ty":"sh","ix":1,"ks":{"a":0,"k":{"i":[[3.491,-0.442],[0,0],[-0.442,-3.49],[0,0],[-3.491,0.443],[0,0],[0.442,3.49],[0,0]],"o":[[0,0],[-3.491,0.442],[0,0],[0.442,3.491],[0,0],[3.491,-0.442],[0,0],[-0.443,-3.491]],"v":[[21.325,-18.689],[-25.31,-12.783],[-30.831,-5.662],[-28.446,13.168],[-21.325,18.688],[25.311,12.783],[30.831,5.662],[28.447,-13.168]],"c":true},"ix":2},"nm":"Tracé 1","mn":"ADBE Vector Shape - Group","hd":false},{"ty":"fl","c":{"a":0,"k":[0.866999966491,0.808000033509,0.779999976065,1],"ix":4},"o":{"a":0,"k":100,"ix":5},"r":1,"bm":0,"nm":"Fond 1","mn":"ADBE Vector Graphic - Fill","hd":false},{"ty":"tr","p":{"a":0,"k":[352.32,153.096],"ix":2},"a":{"a":0,"k":[0,0],"ix":1},"s":{"a":0,"k":[100,100],"ix":3},"r":{"a":0,"k":0,"ix":6},"o":{"a":0,"k":100,"ix":7},"sk":{"a":0,"k":0,"ix":4},"sa":{"a":0,"k":0,"ix":5},"nm":"Transformer "}],"nm":"Groupe 6","np":4,"cix":2,"bm":0,"ix":6,"mn":"ADBE Vector Group","hd":false},{"ty":"gr","it":[{"ind":0,"ty":"sh","ix":1,"ks":{"a":0,"k":{"i":[[9.083,-1.15],[0,0],[1.15,9.083],[0,0],[-9.083,1.15],[0,0],[-1.15,-9.083],[0,0]],"o":[[0,0],[-9.083,1.15],[0,0],[-1.15,-9.083],[0,0],[9.083,-1.15],[0,0],[1.15,9.083]],"v":[[26.213,35.151],[-16.622,40.577],[-35.151,26.212],[-40.576,-16.622],[-26.212,-35.151],[16.622,-40.577],[35.152,-26.214],[40.577,16.622]],"c":true},"ix":2},"nm":"Tracé 1","mn":"ADBE Vector Shape - Group","hd":false},{"ty":"fl","c":{"a":0,"k":[0.187999994615,0.187999994615,0.187999994615,1],"ix":4},"o":{"a":0,"k":100,"ix":5},"r":1,"bm":0,"nm":"Fond 1","mn":"ADBE Vector Graphic - Fill","hd":false},{"ty":"tr","p":{"a":0,"k":[353.216,160.227],"ix":2},"a":{"a":0,"k":[0,0],"ix":1},"s":{"a":0,"k":[100,100],"ix":3},"r":{"a":0,"k":0,"ix":6},"o":{"a":0,"k":100,"ix":7},"sk":{"a":0,"k":0,"ix":4},"sa":{"a":0,"k":0,"ix":5},"nm":"Transformer "}],"nm":"Groupe 7","np":4,"cix":2,"bm":0,"ix":7,"mn":"ADBE Vector Group","hd":false}],"ip":0,"op":150.000006109625,"st":0,"bm":0},{"ddd":0,"ind":11,"ty":4,"nm":"Main","sr":1,"ks":{"o":{"a":0,"k":100,"ix":11},"r":{"a":1,"k":[{"i":{"x":[0.667],"y":[1]},"o":{"x":[0.333],"y":[0]},"t":0,"s":[0]},{"i":{"x":[0.667],"y":[1]},"o":{"x":[0.333],"y":[0]},"t":14,"s":[2.233]},{"i":{"x":[0.833],"y":[1]},"o":{"x":[0.333],"y":[0]},"t":47,"s":[-1.767]},{"i":{"x":[0.833],"y":[1]},"o":{"x":[0.167],"y":[0]},"t":62,"s":[-16.259]},{"i":{"x":[0.833],"y":[1]},"o":{"x":[0.167],"y":[0]},"t":92,"s":[-17]},{"i":{"x":[0.667],"y":[1]},"o":{"x":[0.167],"y":[0]},"t":105,"s":[1.741]},{"t":119.000004846969,"s":[0]}],"ix":10},"p":{"a":1,"k":[{"i":{"x":0.667,"y":0.667},"o":{"x":0.333,"y":0.333},"t":0,"s":[468,542,0],"to":[0,0,0],"ti":[0,0,0]},{"t":119.000004846969,"s":[468,542,0]}],"ix":2},"a":{"a":0,"k":[468,542,0],"ix":1},"s":{"a":1,"k":[{"i":{"x":[0.667,0.667,0.667],"y":[1,1,1]},"o":{"x":[0.333,0.333,0.333],"y":[0,0,0]},"t":47,"s":[100,100,100]},{"i":{"x":[0.833,0.833,0.833],"y":[1,1,1]},"o":{"x":[0.167,0.167,0.167],"y":[0,0,0]},"t":62,"s":[100,91,100]},{"i":{"x":[0.833,0.833,0.833],"y":[1,1,1]},"o":{"x":[0.167,0.167,0.167],"y":[0,0,0]},"t":94,"s":[100,91,100]},{"t":105.000004276738,"s":[100,100,100]}],"ix":6}},"ao":0,"shapes":[{"ty":"gr","it":[{"ind":0,"ty":"sh","ix":1,"ks":{"a":0,"k":{"i":[[0,0]],"o":[[0,0]],"v":[[542.5,583]],"c":false},"ix":2},"nm":"Tracé 1","mn":"ADBE Vector Shape - Group","hd":false},{"ty":"st","c":{"a":0,"k":[0.429733007094,0.196143999287,0,1],"ix":3},"o":{"a":0,"k":100,"ix":4},"w":{"a":0,"k":63,"ix":5},"lc":1,"lj":1,"ml":4,"bm":0,"nm":"Contour 1","mn":"ADBE Vector Graphic - Stroke","hd":false},{"ty":"fl","c":{"a":0,"k":[0.957000014361,0.702000038297,0.541000007181,1],"ix":4},"o":{"a":0,"k":100,"ix":5},"r":1,"bm":0,"nm":"Fond 1","mn":"ADBE Vector Graphic - Fill","hd":false},{"ty":"tr","p":{"a":0,"k":[0,0],"ix":2},"a":{"a":0,"k":[0,0],"ix":1},"s":{"a":0,"k":[100,100],"ix":3},"r":{"a":0,"k":0,"ix":6},"o":{"a":0,"k":100,"ix":7},"sk":{"a":0,"k":0,"ix":4},"sa":{"a":0,"k":0,"ix":5},"nm":"Transformer "}],"nm":"Forme 1","np":3,"cix":2,"bm":0,"ix":1,"mn":"ADBE Vector Group","hd":false},{"ty":"gr","it":[{"ind":0,"ty":"sh","ix":1,"ks":{"a":0,"k":{"i":[[1.79,-0.077],[0,0],[0.078,1.79],[0,0],[-1.79,0.077],[0,0],[-0.077,-1.789],[0,0]],"o":[[0,0],[-1.79,0.078],[0,0],[-0.077,-1.789],[0,0],[1.79,-0.077],[0,0],[0.077,1.79]],"v":[[1.97,4.919],[-1.539,5.07],[-4.92,1.969],[-5.071,-1.54],[-1.969,-4.92],[1.539,-5.071],[4.92,-1.971],[5.071,1.538]],"c":true},"ix":2},"nm":"Tracé 1","mn":"ADBE Vector Shape - Group","hd":false},{"ty":"fl","c":{"a":0,"k":[0.769000004787,0.172999991623,0.054999998504,1],"ix":4},"o":{"a":0,"k":100,"ix":5},"r":1,"bm":0,"nm":"Fond 1","mn":"ADBE Vector Graphic - Fill","hd":false},{"ty":"tr","p":{"a":0,"k":[419.521,447.959],"ix":2},"a":{"a":0,"k":[0,0],"ix":1},"s":{"a":0,"k":[100,100],"ix":3},"r":{"a":0,"k":0,"ix":6},"o":{"a":0,"k":100,"ix":7},"sk":{"a":0,"k":0,"ix":4},"sa":{"a":0,"k":0,"ix":5},"nm":"Transformer "}],"nm":"Groupe 1","np":4,"cix":2,"bm":0,"ix":2,"mn":"ADBE Vector Group","hd":false},{"ty":"gr","it":[{"ind":0,"ty":"sh","ix":1,"ks":{"a":0,"k":{"i":[[1.79,-0.077],[0,0],[0.077,1.79],[0,0],[-1.79,0.077],[0,0],[-0.077,-1.79],[0,0]],"o":[[0,0],[-1.789,0.078],[0,0],[-0.077,-1.79],[0,0],[1.79,-0.077],[0,0],[0.077,1.79]],"v":[[1.97,4.919],[-1.539,5.07],[-4.919,1.97],[-5.072,-1.539],[-1.97,-4.921],[1.538,-5.072],[4.919,-1.97],[5.072,1.539]],"c":true},"ix":2},"nm":"Tracé 1","mn":"ADBE Vector Shape - Group","hd":false},{"ty":"fl","c":{"a":0,"k":[0.769000004787,0.172999991623,0.054999998504,1],"ix":4},"o":{"a":0,"k":100,"ix":5},"r":1,"bm":0,"nm":"Fond 1","mn":"ADBE Vector Graphic - Fill","hd":false},{"ty":"tr","p":{"a":0,"k":[442.749,446.957],"ix":2},"a":{"a":0,"k":[0,0],"ix":1},"s":{"a":0,"k":[100,100],"ix":3},"r":{"a":0,"k":0,"ix":6},"o":{"a":0,"k":100,"ix":7},"sk":{"a":0,"k":0,"ix":4},"sa":{"a":0,"k":0,"ix":5},"nm":"Transformer "}],"nm":"Groupe 2","np":4,"cix":2,"bm":0,"ix":3,"mn":"ADBE Vector Group","hd":false},{"ty":"gr","it":[{"ind":0,"ty":"sh","ix":1,"ks":{"a":0,"k":{"i":[[1.79,-0.077],[0,0],[0.077,1.79],[0,0],[-1.79,0.077],[0,0],[-0.077,-1.79],[0,0]],"o":[[0,0],[-1.79,0.078],[0,0],[-0.077,-1.79],[0,0],[1.79,-0.077],[0,0],[0.077,1.79]],"v":[[1.97,4.919],[-1.539,5.07],[-4.919,1.969],[-5.072,-1.54],[-1.97,-4.921],[1.538,-5.072],[4.919,-1.971],[5.072,1.538]],"c":true},"ix":2},"nm":"Tracé 1","mn":"ADBE Vector Shape - Group","hd":false},{"ty":"fl","c":{"a":0,"k":[0.769000004787,0.172999991623,0.054999998504,1],"ix":4},"o":{"a":0,"k":100,"ix":5},"r":1,"bm":0,"nm":"Fond 1","mn":"ADBE Vector Graphic - Fill","hd":false},{"ty":"tr","p":{"a":0,"k":[465.978,445.956],"ix":2},"a":{"a":0,"k":[0,0],"ix":1},"s":{"a":0,"k":[100,100],"ix":3},"r":{"a":0,"k":0,"ix":6},"o":{"a":0,"k":100,"ix":7},"sk":{"a":0,"k":0,"ix":4},"sa":{"a":0,"k":0,"ix":5},"nm":"Transformer "}],"nm":"Groupe 3","np":4,"cix":2,"bm":0,"ix":4,"mn":"ADBE Vector Group","hd":false},{"ty":"gr","it":[{"ind":0,"ty":"sh","ix":1,"ks":{"a":0,"k":{"i":[[1.79,-0.077],[0,0],[0.078,1.789],[0,0],[-1.79,0.077],[0,0],[-0.077,-1.79],[0,0]],"o":[[0,0],[-1.79,0.078],[0,0],[-0.077,-1.79],[0,0],[1.79,-0.077],[0,0],[0.077,1.789]],"v":[[1.97,4.919],[-1.539,5.07],[-4.92,1.97],[-5.071,-1.539],[-1.969,-4.92],[1.539,-5.071],[4.92,-1.97],[5.071,1.539]],"c":true},"ix":2},"nm":"Tracé 1","mn":"ADBE Vector Shape - Group","hd":false},{"ty":"fl","c":{"a":0,"k":[0.769000004787,0.172999991623,0.054999998504,1],"ix":4},"o":{"a":0,"k":100,"ix":5},"r":1,"bm":0,"nm":"Fond 1","mn":"ADBE Vector Graphic - Fill","hd":false},{"ty":"tr","p":{"a":0,"k":[489.206,444.955],"ix":2},"a":{"a":0,"k":[0,0],"ix":1},"s":{"a":0,"k":[100,100],"ix":3},"r":{"a":0,"k":0,"ix":6},"o":{"a":0,"k":100,"ix":7},"sk":{"a":0,"k":0,"ix":4},"sa":{"a":0,"k":0,"ix":5},"nm":"Transformer "}],"nm":"Groupe 4","np":4,"cix":2,"bm":0,"ix":5,"mn":"ADBE Vector Group","hd":false},{"ty":"gr","it":[{"ind":0,"ty":"sh","ix":1,"ks":{"a":0,"k":{"i":[[1.79,-0.077],[0,0],[0.078,1.79],[0,0],[-1.79,0.077],[0,0],[-0.077,-1.79],[0,0]],"o":[[0,0],[-1.79,0.078],[0,0],[-0.078,-1.79],[0,0],[1.79,-0.077],[0,0],[0.077,1.79]],"v":[[1.97,4.919],[-1.539,5.07],[-4.92,1.969],[-5.07,-1.54],[-1.969,-4.921],[1.539,-5.071],[4.92,-1.971],[5.071,1.538]],"c":true},"ix":2},"nm":"Tracé 1","mn":"ADBE Vector Shape - Group","hd":false},{"ty":"fl","c":{"a":0,"k":[0.769000004787,0.172999991623,0.054999998504,1],"ix":4},"o":{"a":0,"k":100,"ix":5},"r":1,"bm":0,"nm":"Fond 1","mn":"ADBE Vector Graphic - Fill","hd":false},{"ty":"tr","p":{"a":0,"k":[512.434,443.954],"ix":2},"a":{"a":0,"k":[0,0],"ix":1},"s":{"a":0,"k":[100,100],"ix":3},"r":{"a":0,"k":0,"ix":6},"o":{"a":0,"k":100,"ix":7},"sk":{"a":0,"k":0,"ix":4},"sa":{"a":0,"k":0,"ix":5},"nm":"Transformer "}],"nm":"Groupe 5","np":4,"cix":2,"bm":0,"ix":6,"mn":"ADBE Vector Group","hd":false},{"ty":"gr","it":[{"ind":0,"ty":"sh","ix":1,"ks":{"a":0,"k":{"i":[[-0.031,-4.008],[0,0],[-4.212,0.042],[0,0],[0.243,3.047],[0,0],[2.897,-0.223],[0,0]],"o":[[0,0],[0.033,4.212],[0,0],[3.056,-0.031],[0,0],[-0.232,-2.897],[0,0],[-3.997,0.3]],"v":[[-65.674,-11.956],[-65.416,20.829],[-57.725,28.385],[60.259,27.223],[65.462,21.53],[61.872,-23.367],[56.211,-28.204],[-58.627,-19.61]],"c":true},"ix":2},"nm":"Tracé 1","mn":"ADBE Vector Shape - Group","hd":false},{"ty":"fl","c":{"a":0,"k":[1,0.475,0,1],"ix":4},"o":{"a":0,"k":100,"ix":5},"r":1,"bm":0,"nm":"Fond 1","mn":"ADBE Vector Graphic - Fill","hd":false},{"ty":"tr","p":{"a":0,"k":[466.296,444.159],"ix":2},"a":{"a":0,"k":[0,0],"ix":1},"s":{"a":0,"k":[100,100],"ix":3},"r":{"a":0,"k":0,"ix":6},"o":{"a":0,"k":100,"ix":7},"sk":{"a":0,"k":0,"ix":4},"sa":{"a":0,"k":0,"ix":5},"nm":"Transformer "}],"nm":"Groupe 6","np":4,"cix":2,"bm":0,"ix":7,"mn":"ADBE Vector Group","hd":false},{"ty":"gr","it":[{"ind":0,"ty":"sh","ix":1,"ks":{"a":0,"k":{"i":[[-17.864,-6.563],[0.17,-16.27],[0,0],[0.745,-13.807],[5.708,4.844],[-0.814,4.768],[0,0],[1.061,6.209]],"o":[[0,0],[-0.105,10.184],[0,0],[-0.743,13.807],[-5.707,-4.843],[1.154,-6.751],[0,0],[-1.062,-6.209]],"v":[[2.276,-30.479],[10.819,-7.724],[4.672,-0.323],[14.844,23.234],[-1.569,25.875],[-8.203,4.142],[-3.62,-3.561],[-13.621,-18.003]],"c":true},"ix":2},"nm":"Tracé 1","mn":"ADBE Vector Shape - Group","hd":false},{"ty":"fl","c":{"a":0,"k":[0.957000014361,0.702000038297,0.541000007181,1],"ix":4},"o":{"a":0,"k":100,"ix":5},"r":1,"bm":0,"nm":"Fond 1","mn":"ADBE Vector Graphic - Fill","hd":false},{"ty":"tr","p":{"a":0,"k":[277.326,237.826],"ix":2},"a":{"a":0,"k":[0,0],"ix":1},"s":{"a":0,"k":[100,100],"ix":3},"r":{"a":0,"k":0,"ix":6},"o":{"a":0,"k":100,"ix":7},"sk":{"a":0,"k":0,"ix":4},"sa":{"a":0,"k":0,"ix":5},"nm":"Transformer "}],"nm":"Groupe 7","np":4,"cix":2,"bm":0,"ix":8,"mn":"ADBE Vector Group","hd":false},{"ty":"gr","it":[{"ind":0,"ty":"sh","ix":1,"ks":{"a":0,"k":{"i":[[-9.852,-9.382],[-2.427,-10.856],[6.057,-0.28],[2.167,8.858]],"o":[[0,0],[2.427,10.855],[-6.056,0.279],[-2.167,-8.858]],"v":[[4.024,-13.218],[11.594,2.048],[4.074,22.321],[-11.854,9.157]],"c":true},"ix":2},"nm":"Tracé 1","mn":"ADBE Vector Shape - Group","hd":false},{"ty":"fl","c":{"a":0,"k":[0.957000014361,0.702000038297,0.541000007181,1],"ix":4},"o":{"a":0,"k":100,"ix":5},"r":1,"bm":0,"nm":"Fond 1","mn":"ADBE Vector Graphic - Fill","hd":false},{"ty":"tr","p":{"a":0,"k":[273.23,175.171],"ix":2},"a":{"a":0,"k":[0,0],"ix":1},"s":{"a":0,"k":[100,100],"ix":3},"r":{"a":0,"k":0,"ix":6},"o":{"a":0,"k":100,"ix":7},"sk":{"a":0,"k":0,"ix":4},"sa":{"a":0,"k":0,"ix":5},"nm":"Transformer "}],"nm":"Groupe 8","np":4,"cix":2,"bm":0,"ix":9,"mn":"ADBE Vector Group","hd":false},{"ty":"gr","it":[{"ind":0,"ty":"sh","ix":1,"ks":{"a":0,"k":{"i":[[0,-1.208],[1.209,0],[0,1.208],[-1.208,0]],"o":[[0,1.208],[-1.208,0],[0,-1.208],[1.209,0]],"v":[[2.188,-0.001],[-0.001,2.188],[-2.188,-0.001],[-0.001,-2.188]],"c":true},"ix":2},"nm":"Tracé 1","mn":"ADBE Vector Shape - Group","hd":false},{"ty":"fl","c":{"a":0,"k":[0.344999994016,0.337000020345,0.340999977261,1],"ix":4},"o":{"a":0,"k":100,"ix":5},"r":1,"bm":0,"nm":"Fond 1","mn":"ADBE Vector Graphic - Fill","hd":false},{"ty":"tr","p":{"a":0,"k":[355.95,25.223],"ix":2},"a":{"a":0,"k":[0,0],"ix":1},"s":{"a":0,"k":[100,100],"ix":3},"r":{"a":0,"k":0,"ix":6},"o":{"a":0,"k":100,"ix":7},"sk":{"a":0,"k":0,"ix":4},"sa":{"a":0,"k":0,"ix":5},"nm":"Transformer "}],"nm":"Groupe 9","np":4,"cix":2,"bm":0,"ix":10,"mn":"ADBE Vector Group","hd":false},{"ty":"gr","it":[{"ind":0,"ty":"sh","ix":1,"ks":{"a":0,"k":{"i":[[0.371,-0.047],[0,0],[0.047,0.371],[0,0],[-0.371,0.047],[0,0],[-0.047,-0.372],[0,0]],"o":[[0,0],[-0.371,0.048],[0,0],[-0.047,-0.372],[0,0],[0.372,-0.047],[0,0],[0.048,0.371]],"v":[[17.392,-0.88],[-17.063,3.483],[-17.823,2.894],[-17.982,1.64],[-17.392,0.88],[17.062,-3.484],[17.823,-2.894],[17.981,-1.64]],"c":true},"ix":2},"nm":"Tracé 1","mn":"ADBE Vector Shape - Group","hd":false},{"ty":"fl","c":{"a":0,"k":[0.344999994016,0.337000020345,0.340999977261,1],"ix":4},"o":{"a":0,"k":100,"ix":5},"r":1,"bm":0,"nm":"Fond 1","mn":"ADBE Vector Graphic - Fill","hd":false},{"ty":"tr","p":{"a":0,"k":[332.218,28.066],"ix":2},"a":{"a":0,"k":[0,0],"ix":1},"s":{"a":0,"k":[100,100],"ix":3},"r":{"a":0,"k":0,"ix":6},"o":{"a":0,"k":100,"ix":7},"sk":{"a":0,"k":0,"ix":4},"sa":{"a":0,"k":0,"ix":5},"nm":"Transformer "}],"nm":"Groupe 10","np":4,"cix":2,"bm":0,"ix":11,"mn":"ADBE Vector Group","hd":false},{"ty":"gr","it":[{"ind":0,"ty":"sh","ix":1,"ks":{"a":0,"k":{"i":[[1.128,8.676],[0,0],[8.676,-1.128],[0,0],[-1.129,-8.677],[0,0],[-8.676,1.128],[0,0]],"o":[[0,0],[-1.128,-8.676],[0,0],[-8.677,1.128],[0,0],[1.128,8.676],[0,0],[8.676,-1.128]],"v":[[80.261,99.68],[52.105,-116.889],[34.279,-130.613],[-66.536,-117.507],[-80.26,-99.68],[-52.105,116.889],[-34.279,130.613],[66.537,117.506]],"c":true},"ix":2},"nm":"Tracé 1","mn":"ADBE Vector Shape - Group","hd":false},{"ty":"fl","c":{"a":0,"k":[1,1,1,1],"ix":4},"o":{"a":0,"k":100,"ix":5},"r":1,"bm":0,"nm":"Fond 1","mn":"ADBE Vector Graphic - Fill","hd":false},{"ty":"tr","p":{"a":0,"k":[350.044,156.615],"ix":2},"a":{"a":0,"k":[0,0],"ix":1},"s":{"a":0,"k":[100,100],"ix":3},"r":{"a":0,"k":0,"ix":6},"o":{"a":0,"k":100,"ix":7},"sk":{"a":0,"k":0,"ix":4},"sa":{"a":0,"k":0,"ix":5},"nm":"Transformer "}],"nm":"Groupe 11","np":4,"cix":2,"bm":0,"ix":12,"mn":"ADBE Vector Group","hd":false},{"ty":"gr","it":[{"ind":0,"ty":"sh","ix":1,"ks":{"a":0,"k":{"i":[[1.512,11.632],[0,0],[0.185,1.475],[0,0],[1.523,-0.157],[0,0],[0,0],[0.194,1.548],[0,0],[1.547,-0.194],[0,0],[0,0],[11.632,-1.512],[0,0],[-1.513,-11.632],[0,0],[0,0],[-0.194,-1.548],[0,0],[-1.548,0.194],[0,0],[0,0],[-11.631,1.511],[0,0]],"o":[[0,0],[1.434,-0.292],[0,0],[-0.191,-1.527],[0,0],[0,0],[1.547,-0.194],[0,0],[-0.193,-1.547],[0,0],[0,0],[-1.512,-11.632],[0,0],[-11.632,1.512],[0,0],[0,0],[-1.547,0.193],[0,0],[0.194,1.547],[0,0],[0,0],[1.513,11.632],[0,0],[11.631,-1.512]],"v":[[92.041,103.739],[72.857,-43.817],[75.106,-46.945],[71.861,-72.876],[68.759,-75.342],[68.095,-80.449],[68.708,-80.526],[71.169,-83.692],[67.924,-109.623],[64.759,-112.084],[63.994,-111.989],[62.494,-123.526],[38.596,-141.926],[-71.31,-127.636],[-89.709,-103.738],[-89.1,-99.052],[-90.898,-98.826],[-93.359,-95.661],[-90.115,-69.73],[-86.949,-67.269],[-85,-67.512],[-60.163,123.527],[-36.265,141.927],[73.642,127.637]],"c":true},"ix":2},"nm":"Tracé 1","mn":"ADBE Vector Shape - Group","hd":false},{"ty":"fl","c":{"a":0,"k":[0.113999998803,0.118000000598,0.109999997008,1],"ix":4},"o":{"a":0,"k":100,"ix":5},"r":1,"bm":0,"nm":"Fond 1","mn":"ADBE Vector Graphic - Fill","hd":false},{"ty":"tr","p":{"a":0,"k":[348.192,156.991],"ix":2},"a":{"a":0,"k":[0,0],"ix":1},"s":{"a":0,"k":[100,100],"ix":3},"r":{"a":0,"k":0,"ix":6},"o":{"a":0,"k":100,"ix":7},"sk":{"a":0,"k":0,"ix":4},"sa":{"a":0,"k":0,"ix":5},"nm":"Transformer "}],"nm":"Groupe 12","np":4,"cix":2,"bm":0,"ix":13,"mn":"ADBE Vector Group","hd":false},{"ty":"gr","it":[{"ind":0,"ty":"sh","ix":1,"ks":{"a":0,"k":{"i":[[0,0],[0,0],[2.061,41.329],[2.089,13.434],[13.474,15.766],[12.768,-7.246],[-7.595,-7.645],[6.322,-9.962],[10.119,3.231],[-11.954,-17.741],[-5.488,-10.965],[-7.376,-13.766],[-21.162,-10.451],[-6.933,-7.24],[0.826,-28.548],[0,0],[-64.001,0.909]],"o":[[0,0],[-4.771,-41.105],[-0.934,-18.728],[-4.642,-29.852],[-13.474,-15.765],[-12.768,7.245],[7.595,7.644],[-6.321,9.962],[-8.476,-2.706],[11.954,17.741],[5.488,10.966],[7.375,13.767],[6.836,3.376],[19.753,20.629],[0,0],[0,0],[64.001,-0.909]],"v":[[153.729,203.047],[144.99,149.609],[134.875,25.916],[130.44,-23.533],[98.199,-106.919],[16.492,-158.332],[28.157,-123.289],[57.557,-88.521],[-134.086,-224.778],[-141.91,-202.942],[-76.624,-144.196],[-61.088,-20.796],[-15.783,34.755],[5.224,51.027],[34.451,128.117],[31.653,196.984],[98.334,226.7]],"c":true},"ix":2},"nm":"Tracé 1","mn":"ADBE Vector Shape - Group","hd":false},{"ty":"fl","c":{"a":0,"k":[0.957000014361,0.702000038297,0.541000007181,1],"ix":4},"o":{"a":0,"k":100,"ix":5},"r":1,"bm":0,"nm":"Fond 1","mn":"ADBE Vector Graphic - Fill","hd":false},{"ty":"tr","p":{"a":0,"k":[378.165,317.209],"ix":2},"a":{"a":0,"k":[0,0],"ix":1},"s":{"a":0,"k":[100,100],"ix":3},"r":{"a":0,"k":0,"ix":6},"o":{"a":0,"k":100,"ix":7},"sk":{"a":0,"k":0,"ix":4},"sa":{"a":0,"k":0,"ix":5},"nm":"Transformer "}],"nm":"Groupe 13","np":4,"cix":2,"bm":0,"ix":14,"mn":"ADBE Vector Group","hd":false}],"ip":0,"op":150.000006109625,"st":0,"bm":0},{"ddd":0,"ind":13,"ty":4,"nm":"OMbre main","sr":1,"ks":{"o":{"a":0,"k":100,"ix":11},"r":{"a":1,"k":[{"i":{"x":[0.667],"y":[1]},"o":{"x":[0.333],"y":[0]},"t":0,"s":[3.999]},{"i":{"x":[0.667],"y":[1]},"o":{"x":[0.333],"y":[0]},"t":14,"s":[4.999]},{"i":{"x":[0.667],"y":[1]},"o":{"x":[0.333],"y":[0]},"t":47,"s":[-0.001]},{"i":{"x":[0.667],"y":[1]},"o":{"x":[0.333],"y":[0]},"t":62,"s":[-15.001]},{"i":{"x":[0.667],"y":[1]},"o":{"x":[0.333],"y":[0]},"t":93,"s":[-15.001]},{"i":{"x":[0.833],"y":[1]},"o":{"x":[0.167],"y":[0]},"t":101,"s":[-2.001]},{"i":{"x":[0.833],"y":[1]},"o":{"x":[0.167],"y":[0]},"t":108,"s":[1.999]},{"t":117.000004765508,"s":[0]}],"ix":10},"p":{"a":0,"k":[466.43,543.312,0],"ix":2},"a":{"a":0,"k":[466.827,539.469,0],"ix":1},"s":{"a":1,"k":[{"i":{"x":[0.667,0.667,0.667],"y":[1,1,1]},"o":{"x":[0.333,0.333,0.333],"y":[0,0,0]},"t":47,"s":[100.008,101.596,100]},{"i":{"x":[0.833,0.833,0.833],"y":[1,1,1]},"o":{"x":[0.333,0.333,0.333],"y":[0,0,0]},"t":62,"s":[100.008,88.596,100]},{"i":{"x":[0.833,0.833,0.833],"y":[1,1,1]},"o":{"x":[0.167,0.167,0.167],"y":[0,0,0]},"t":93,"s":[100.008,88.596,100]},{"t":101.000004113814,"s":[100.008,100,100]}],"ix":6}},"ao":0,"shapes":[{"ty":"gr","it":[{"ty":"st","c":{"a":0,"k":[0.429733007094,0.196143999287,0,1],"ix":3},"o":{"a":0,"k":100,"ix":4},"w":{"a":0,"k":63,"ix":5},"lc":1,"lj":1,"ml":4,"bm":0,"nm":"Contour 1","mn":"ADBE Vector Graphic - Stroke","hd":false},{"ty":"fl","c":{"a":0,"k":[0.141000007181,0.156999999402,0.176000004189,1],"ix":4},"o":{"a":0,"k":10,"ix":5},"r":1,"bm":0,"nm":"Fond 1","mn":"ADBE Vector Graphic - Fill","hd":false},{"ty":"tr","p":{"a":0,"k":[0,0],"ix":2},"a":{"a":0,"k":[0,0],"ix":1},"s":{"a":0,"k":[100,100],"ix":3},"r":{"a":0,"k":0,"ix":6},"o":{"a":0,"k":100,"ix":7},"sk":{"a":0,"k":0,"ix":4},"sa":{"a":0,"k":0,"ix":5},"nm":"Transformer "}],"nm":"Forme 1","np":2,"cix":2,"bm":0,"ix":1,"mn":"ADBE Vector Group","hd":false},{"ty":"gr","it":[{"ind":0,"ty":"sh","ix":1,"ks":{"a":0,"k":{"i":[[0,0],[-57.314,5.172],[0,0],[0,0],[6.989,23.399],[14.92,13.791],[20.124,10.876],[0,0],[0.337,1.275],[0,0],[1.481,-0.113],[0,0],[0,0],[0.353,1.338],[0,0],[1.503,-0.144],[0,0],[0,0],[11.288,-1.136],[0,0],[-2.713,-10.054],[0,0],[0,0],[-0.353,-1.337],[0,0],[-1.502,0.145],[0,0],[0,0],[1.962,0.558],[-13.632,-15.472],[-14.816,-9.609],[0,0],[-2.534,-6.342],[-5.925,0.121],[0,0],[-1.661,-5.253],[0,0],[0.425,-5.806],[-6.127,-4.259],[-3.394,-0.121],[0,0],[-11.289,1.136],[0,0],[-21.063,-8.953],[-12.686,-26.567]],"o":[[0,0],[57.314,-5.173],[0,0],[-4.399,-33.308],[-7.711,-25.811],[-8.422,-7.784],[0,0],[1.381,-0.231],[0,0],[-0.349,-1.319],[0,0],[0,0],[1.502,-0.145],[0,0],[-0.353,-1.338],[0,0],[0,0],[-2.712,-10.053],[0,0],[-11.289,1.136],[0,0],[0,0],[-1.502,0.144],[0,0],[0.353,1.337],[0,0],[0,0],[-12.339,-7.702],[-8.627,-2.457],[6.681,7.583],[0,0],[-7.301,0.187],[3.054,7.641],[0,0],[-17.002,-5.071],[1.697,5.37],[0,0],[-0.299,4.098],[3.304,2.297],[0,0],[2.712,10.053],[0,0],[9.19,12.613],[20.243,8.602],[0,0]],"v":[[52.229,207.238],[117.368,223.241],[167.799,203.842],[139.364,107.389],[122.042,13.834],[81.535,-58.542],[30.49,-92.634],[16.875,-143.094],[18.759,-145.759],[12.837,-168.169],[9.524,-170.34],[8.333,-174.754],[8.928,-174.811],[11.017,-177.506],[5.094,-199.915],[1.72,-202.084],[0.978,-202.012],[-1.713,-211.984],[-27.169,-228.197],[-133.832,-217.463],[-149.425,-197.119],[-148.332,-193.069],[-150.079,-192.901],[-152.168,-190.207],[-146.245,-167.797],[-142.871,-165.629],[-140.978,-165.811],[-136.781,-150.258],[-159.479,-163.541],[-164.882,-144.824],[-127.91,-117.378],[-124.588,-105.069],[-132.784,-84.04],[-115.79,-72.46],[-113.583,-64.28],[-126.755,-53.396],[-115.392,-40.798],[-119.093,-34.219],[-110.276,-15.382],[-99.013,-10.282],[-96.428,-0.702],[-70.972,15.511],[-65.081,14.918],[-15.733,61.987],[42.622,121.863]],"c":true},"ix":2},"nm":"Tracé 3","mn":"ADBE Vector Shape - Group","hd":false},{"ty":"mm","mm":1,"nm":"Fusionner les tracés 1","mn":"ADBE Vector Filter - Merge","hd":false},{"ty":"mm","mm":4,"nm":"Fusionner les tracés 2","mn":"ADBE Vector Filter - Merge","hd":false},{"ty":"fl","c":{"a":0,"k":[0.141000007181,0.156999999402,0.176000004189,1],"ix":4},"o":{"a":0,"k":10,"ix":5},"r":1,"bm":0,"nm":"Fond 1","mn":"ADBE Vector Graphic - Fill","hd":false},{"ty":"tr","p":{"a":0,"k":[354.999,316.273],"ix":2},"a":{"a":0,"k":[0,0],"ix":1},"s":{"a":0,"k":[100,100],"ix":3},"r":{"a":0,"k":0,"ix":6},"o":{"a":0,"k":100,"ix":7},"sk":{"a":0,"k":0,"ix":4},"sa":{"a":0,"k":0,"ix":5},"nm":"Transformer "}],"nm":"Groupe 1","np":4,"cix":2,"bm":0,"ix":2,"mn":"ADBE Vector Group","hd":false}],"ip":0,"op":150.000006109625,"st":0,"bm":0},{"ddd":0,"ind":14,"ty":4,"nm":"Valider TPE","sr":1,"ks":{"o":{"a":0,"k":100,"ix":11},"r":{"a":0,"k":0,"ix":10},"p":{"a":0,"k":[280,280,0],"ix":2},"a":{"a":0,"k":[280,280,0],"ix":1},"s":{"a":0,"k":[100,100,100],"ix":6}},"ao":0,"shapes":[{"ty":"gr","it":[{"ind":0,"ty":"sh","ix":1,"ks":{"a":0,"k":{"i":[[0.362,0],[0.357,0.153],[0,0],[-0.618,1.45],[-1.448,-0.616],[0,0],[0,0],[-1.45,-0.615],[0.618,-1.449],[0,0],[0.702,-0.282]],"o":[[-0.381,0],[0,0],[-1.449,-0.618],[0.619,-1.45],[0,0],[0,0],[0.618,-1.449],[1.45,0.618],[0,0],[-0.297,0.695],[-0.342,0.137]],"v":[[2.016,13.177],[0.898,12.948],[-11.77,7.549],[-13.276,3.806],[-9.533,2.3],[0.51,6.581],[8.027,-11.056],[11.77,-12.562],[13.276,-8.819],[4.641,11.443],[3.081,12.971]],"c":true},"ix":2},"nm":"Tracé 1","mn":"ADBE Vector Shape - Group","hd":false},{"ty":"fl","c":{"a":0,"k":[1,1,1,1],"ix":4},"o":{"a":0,"k":100,"ix":5},"r":1,"bm":0,"nm":"Fond 1","mn":"ADBE Vector Graphic - Fill","hd":false},{"ty":"tr","p":{"a":0,"k":[169.878,237.686],"ix":2},"a":{"a":0,"k":[0,0],"ix":1},"s":{"a":0,"k":[100,100],"ix":3},"r":{"a":0,"k":0,"ix":6},"o":{"a":0,"k":100,"ix":7},"sk":{"a":0,"k":0,"ix":4},"sa":{"a":0,"k":0,"ix":5},"nm":"Transformer "}],"nm":"Groupe 1","np":4,"cix":2,"bm":0,"ix":1,"mn":"ADBE Vector Group","hd":false},{"ty":"gr","it":[{"ind":0,"ty":"sh","ix":1,"ks":{"a":0,"k":{"i":[[-2.558,-11.133],[11.133,-2.558],[2.557,11.133],[-11.133,2.557]],"o":[[2.558,11.134],[-11.134,2.558],[-2.558,-11.134],[11.134,-2.558]],"v":[[20.158,-4.632],[4.631,20.158],[-20.159,4.631],[-4.632,-20.158]],"c":true},"ix":2},"nm":"Tracé 1","mn":"ADBE Vector Shape - Group","hd":false},{"ty":"fl","c":{"a":0,"k":[0.169000004787,0.685999971278,0.497999991623,1],"ix":4},"o":{"a":0,"k":100,"ix":5},"r":1,"bm":0,"nm":"Fond 1","mn":"ADBE Vector Graphic - Fill","hd":false},{"ty":"tr","p":{"a":0,"k":[170.533,237.078],"ix":2},"a":{"a":0,"k":[0,0],"ix":1},"s":{"a":0,"k":[100,100],"ix":3},"r":{"a":0,"k":0,"ix":6},"o":{"a":0,"k":100,"ix":7},"sk":{"a":0,"k":0,"ix":4},"sa":{"a":0,"k":0,"ix":5},"nm":"Transformer "}],"nm":"Groupe 2","np":4,"cix":2,"bm":0,"ix":2,"mn":"ADBE Vector Group","hd":false}],"ip":78.0000031770051,"op":150.000006109625,"st":0,"bm":0},{"ddd":0,"ind":16,"ty":4,"nm":"Euro","sr":1,"ks":{"o":{"a":0,"k":100,"ix":11},"r":{"a":0,"k":0,"ix":10},"p":{"a":0,"k":[280,280,0],"ix":2},"a":{"a":0,"k":[280,280,0],"ix":1},"s":{"a":0,"k":[100,100,100],"ix":6}},"ao":0,"shapes":[{"ty":"gr","it":[{"ind":0,"ty":"sh","ix":1,"ks":{"a":0,"k":{"i":[[0.542,1.479],[1.478,-0.541],[3.28,1.523],[0.761,0.572],[0,0],[0.541,1.479],[1.478,-0.543],[0,0],[0.188,0.513],[0.134,0.661],[0,0],[0.542,1.479],[1.48,-0.54],[0,0],[-4.303,1.576],[0.542,1.479],[1.48,-0.541],[0.479,-7.376],[0,0],[-0.542,-1.479],[-1.163,0],[-0.323,0.119],[0,0],[-0.237,-0.647],[-0.227,-0.489],[0,0],[-0.542,-1.48],[-1.163,0],[-0.324,0.119],[0,0],[-2.344,-1.087],[-2.758,0],[-2.159,0.792]],"o":[[-0.542,-1.48],[-3.396,1.244],[-0.885,-0.41],[0,0],[1.48,-0.542],[-0.543,-1.479],[0,0],[-0.243,-0.48],[-0.239,-0.653],[0,0],[1.479,-0.542],[-0.542,-1.48],[0,0],[1.098,-4.125],[1.48,-0.542],[-0.542,-1.481],[-7.374,2.702],[0,0],[-1.479,0.542],[0.424,1.156],[0.326,0],[0,0],[0.164,0.654],[0.188,0.512],[0,0],[-1.479,0.542],[0.423,1.155],[0.326,0],[0,0],[1.695,1.851],[2.577,1.196],[2.233,0],[1.479,-0.541]],"v":[[15.851,14.085],[12.191,12.388],[1.84,11.958],[-0.627,10.472],[10.055,6.559],[11.753,2.898],[8.093,1.201],[-4.518,5.82],[-5.175,4.335],[-5.716,2.362],[6.834,-2.235],[8.531,-5.895],[4.871,-7.593],[-5.538,-3.78],[2.878,-13.031],[4.576,-16.691],[0.915,-18.389],[-11.656,-1.539],[-14.153,-0.624],[-15.851,3.036],[-13.172,4.908],[-12.191,4.733],[-11.13,4.345],[-10.533,6.297],[-9.901,7.792],[-10.932,8.169],[-12.629,11.83],[-9.95,13.702],[-8.969,13.527],[-6.66,12.681],[-0.561,17.134],[7.523,18.93],[14.154,17.745]],"c":true},"ix":2},"nm":"Tracé 1","mn":"ADBE Vector Shape - Group","hd":false},{"ty":"fl","c":{"a":0,"k":[0.2901960784313726,0.7058823529411765,0.9019607843137255,1],"ix":4},"o":{"a":0,"k":100,"ix":5},"r":1,"bm":0,"nm":"Fond 1","mn":"ADBE Vector Graphic - Fill","hd":false},{"ty":"tr","p":{"a":0,"k":[166.454,237.927],"ix":2},"a":{"a":0,"k":[0,0],"ix":1},"s":{"a":0,"k":[100,100],"ix":3},"r":{"a":0,"k":0,"ix":6},"o":{"a":0,"k":100,"ix":7},"sk":{"a":0,"k":0,"ix":4},"sa":{"a":0,"k":0,"ix":5},"nm":"Transformer "}],"nm":"Groupe 1","np":4,"cix":2,"bm":0,"ix":1,"mn":"ADBE Vector Group","hd":false}],"ip":0,"op":150.000006109625,"st":0,"bm":0},{"ddd":0,"ind":17,"ty":4,"nm":"TPE","sr":1,"ks":{"o":{"a":0,"k":100,"ix":11},"r":{"a":0,"k":0,"ix":10},"p":{"a":0,"k":[280,280,0],"ix":2},"a":{"a":0,"k":[280,280,0],"ix":1},"s":{"a":0,"k":[100,100,100],"ix":6}},"ao":0,"shapes":[{"ty":"gr","it":[{"ind":0,"ty":"sh","ix":1,"ks":{"a":0,"k":{"i":[[1.205,1.808],[0,0],[1.277,-0.308],[0,0],[-1.205,-1.808],[0,0],[-1.276,0.31],[0,0]],"o":[[0,0],[-0.728,-1.093],[0,0],[-2.111,0.511],[0,0],[0.728,1.092],[0,0],[2.112,-0.51]],"v":[[18.381,-1.316],[13.516,-8.613],[10.178,-9.918],[-16.515,-3.46],[-18.381,1.315],[-13.516,8.612],[-10.179,9.916],[16.514,3.457]],"c":true},"ix":2},"nm":"Tracé 1","mn":"ADBE Vector Shape - Group","hd":false},{"ty":"fl","c":{"a":0,"k":[0.337000020345,0.325,0.325,1],"ix":4},"o":{"a":0,"k":100,"ix":5},"r":1,"bm":0,"nm":"Fond 1","mn":"ADBE Vector Graphic - Fill","hd":false},{"ty":"tr","p":{"a":0,"k":[303.699,362.295],"ix":2},"a":{"a":0,"k":[0,0],"ix":1},"s":{"a":0,"k":[100,100],"ix":3},"r":{"a":0,"k":0,"ix":6},"o":{"a":0,"k":100,"ix":7},"sk":{"a":0,"k":0,"ix":4},"sa":{"a":0,"k":0,"ix":5},"nm":"Transformer "}],"nm":"Groupe 1","np":4,"cix":2,"bm":0,"ix":1,"mn":"ADBE Vector Group","hd":false},{"ty":"gr","it":[{"ind":0,"ty":"sh","ix":1,"ks":{"a":0,"k":{"i":[[0,0],[1.276,-0.308],[0,0],[-1.206,-1.808],[0,0],[-1.277,0.31],[0,0],[1.205,1.807]],"o":[[-0.729,-1.093],[0,0],[-2.112,0.511],[0,0],[0.728,1.092],[0,0],[2.111,-0.51],[0,0]],"v":[[13.517,-8.613],[10.179,-9.918],[-16.514,-3.459],[-18.38,1.315],[-13.516,8.613],[-10.178,9.917],[16.515,3.458],[18.381,-1.316]],"c":true},"ix":2},"nm":"Tracé 1","mn":"ADBE Vector Shape - Group","hd":false},{"ty":"fl","c":{"a":0,"k":[0.337000020345,0.325,0.325,1],"ix":4},"o":{"a":0,"k":100,"ix":5},"r":1,"bm":0,"nm":"Fond 1","mn":"ADBE Vector Graphic - Fill","hd":false},{"ty":"tr","p":{"a":0,"k":[262.331,372.28],"ix":2},"a":{"a":0,"k":[0,0],"ix":1},"s":{"a":0,"k":[100,100],"ix":3},"r":{"a":0,"k":0,"ix":6},"o":{"a":0,"k":100,"ix":7},"sk":{"a":0,"k":0,"ix":4},"sa":{"a":0,"k":0,"ix":5},"nm":"Transformer "}],"nm":"Groupe 2","np":4,"cix":2,"bm":0,"ix":2,"mn":"ADBE Vector Group","hd":false},{"ty":"gr","it":[{"ind":0,"ty":"sh","ix":1,"ks":{"a":0,"k":{"i":[[0,0],[1.276,-0.308],[0,0],[-1.206,-1.809],[0,0],[-1.276,0.309],[0,0],[1.206,1.807]],"o":[[-0.729,-1.093],[0,0],[-2.112,0.511],[0,0],[0.728,1.092],[0,0],[2.111,-0.51],[0,0]],"v":[[13.517,-8.614],[10.178,-9.919],[-16.514,-3.46],[-18.38,1.316],[-13.516,8.612],[-10.178,9.917],[16.514,3.458],[18.381,-1.316]],"c":true},"ix":2},"nm":"Tracé 1","mn":"ADBE Vector Shape - Group","hd":false},{"ty":"fl","c":{"a":0,"k":[0.337000020345,0.325,0.325,1],"ix":4},"o":{"a":0,"k":100,"ix":5},"r":1,"bm":0,"nm":"Fond 1","mn":"ADBE Vector Graphic - Fill","hd":false},{"ty":"tr","p":{"a":0,"k":[220.963,382.266],"ix":2},"a":{"a":0,"k":[0,0],"ix":1},"s":{"a":0,"k":[100,100],"ix":3},"r":{"a":0,"k":0,"ix":6},"o":{"a":0,"k":100,"ix":7},"sk":{"a":0,"k":0,"ix":4},"sa":{"a":0,"k":0,"ix":5},"nm":"Transformer "}],"nm":"Groupe 3","np":4,"cix":2,"bm":0,"ix":3,"mn":"ADBE Vector Group","hd":false},{"ty":"gr","it":[{"ind":0,"ty":"sh","ix":1,"ks":{"a":0,"k":{"i":[[1.206,1.808],[0,0],[1.276,-0.309],[0,0],[-1.205,-1.808],[0,0],[-1.276,0.31],[0,0]],"o":[[0,0],[-0.729,-1.093],[0,0],[-2.112,0.511],[0,0],[0.728,1.092],[0,0],[2.113,-0.51]],"v":[[18.38,-1.316],[13.516,-8.613],[10.178,-9.918],[-16.515,-3.459],[-18.382,1.316],[-13.517,8.613],[-10.179,9.917],[16.513,3.458]],"c":true},"ix":2},"nm":"Tracé 1","mn":"ADBE Vector Shape - Group","hd":false},{"ty":"fl","c":{"a":0,"k":[0.172999991623,0.172999991623,0.169000004787,1],"ix":4},"o":{"a":0,"k":100,"ix":5},"r":1,"bm":0,"nm":"Fond 1","mn":"ADBE Vector Graphic - Fill","hd":false},{"ty":"tr","p":{"a":0,"k":[283.729,332.338],"ix":2},"a":{"a":0,"k":[0,0],"ix":1},"s":{"a":0,"k":[100,100],"ix":3},"r":{"a":0,"k":0,"ix":6},"o":{"a":0,"k":100,"ix":7},"sk":{"a":0,"k":0,"ix":4},"sa":{"a":0,"k":0,"ix":5},"nm":"Transformer "}],"nm":"Groupe 4","np":4,"cix":2,"bm":0,"ix":4,"mn":"ADBE Vector Group","hd":false},{"ty":"gr","it":[{"ind":0,"ty":"sh","ix":1,"ks":{"a":0,"k":{"i":[[0,0],[1.276,-0.309],[0,0],[-1.206,-1.808],[0,0],[-1.277,0.31],[0,0],[1.205,1.807]],"o":[[-0.729,-1.093],[0,0],[-2.112,0.511],[0,0],[0.728,1.092],[0,0],[2.111,-0.51],[0,0]],"v":[[13.517,-8.613],[10.179,-9.918],[-16.514,-3.459],[-18.38,1.316],[-13.516,8.613],[-10.178,9.917],[16.515,3.458],[18.381,-1.316]],"c":true},"ix":2},"nm":"Tracé 1","mn":"ADBE Vector Shape - Group","hd":false},{"ty":"fl","c":{"a":0,"k":[0.172999991623,0.172999991623,0.169000004787,1],"ix":4},"o":{"a":0,"k":100,"ix":5},"r":1,"bm":0,"nm":"Fond 1","mn":"ADBE Vector Graphic - Fill","hd":false},{"ty":"tr","p":{"a":0,"k":[242.36,342.324],"ix":2},"a":{"a":0,"k":[0,0],"ix":1},"s":{"a":0,"k":[100,100],"ix":3},"r":{"a":0,"k":0,"ix":6},"o":{"a":0,"k":100,"ix":7},"sk":{"a":0,"k":0,"ix":4},"sa":{"a":0,"k":0,"ix":5},"nm":"Transformer "}],"nm":"Groupe 5","np":4,"cix":2,"bm":0,"ix":5,"mn":"ADBE Vector Group","hd":false},{"ty":"gr","it":[{"ind":0,"ty":"sh","ix":1,"ks":{"a":0,"k":{"i":[[0,0],[1.276,-0.308],[0,0],[-1.206,-1.808],[0,0],[-1.276,0.31],[0,0],[1.206,1.807]],"o":[[-0.729,-1.093],[0,0],[-2.112,0.511],[0,0],[0.728,1.092],[0,0],[2.111,-0.51],[0,0]],"v":[[13.517,-8.613],[10.178,-9.918],[-16.514,-3.459],[-18.38,1.315],[-13.516,8.613],[-10.178,9.917],[16.514,3.458],[18.381,-1.316]],"c":true},"ix":2},"nm":"Tracé 1","mn":"ADBE Vector Shape - Group","hd":false},{"ty":"fl","c":{"a":0,"k":[0.172999991623,0.172999991623,0.169000004787,1],"ix":4},"o":{"a":0,"k":100,"ix":5},"r":1,"bm":0,"nm":"Fond 1","mn":"ADBE Vector Graphic - Fill","hd":false},{"ty":"tr","p":{"a":0,"k":[200.993,352.31],"ix":2},"a":{"a":0,"k":[0,0],"ix":1},"s":{"a":0,"k":[100,100],"ix":3},"r":{"a":0,"k":0,"ix":6},"o":{"a":0,"k":100,"ix":7},"sk":{"a":0,"k":0,"ix":4},"sa":{"a":0,"k":0,"ix":5},"nm":"Transformer "}],"nm":"Groupe 6","np":4,"cix":2,"bm":0,"ix":6,"mn":"ADBE Vector Group","hd":false},{"ty":"gr","it":[{"ind":0,"ty":"sh","ix":1,"ks":{"a":0,"k":{"i":[[-1.205,-1.809],[0,0],[-1.277,0.308],[0,0],[1.205,1.808],[0,0],[1.276,-0.309],[0,0]],"o":[[0,0],[0.728,1.093],[0,0],[2.111,-0.511],[0,0],[-0.728,-1.091],[0,0],[-2.112,0.511]],"v":[[-18.381,1.316],[-13.516,8.612],[-10.178,9.918],[16.515,3.458],[18.381,-1.317],[13.516,-8.614],[10.179,-9.918],[-16.514,-3.458]],"c":true},"ix":2},"nm":"Tracé 1","mn":"ADBE Vector Shape - Group","hd":false},{"ty":"fl","c":{"a":0,"k":[0.172999991623,0.172999991623,0.169000004787,1],"ix":4},"o":{"a":0,"k":100,"ix":5},"r":1,"bm":0,"nm":"Fond 1","mn":"ADBE Vector Graphic - Fill","hd":false},{"ty":"tr","p":{"a":0,"k":[270.89,315.221],"ix":2},"a":{"a":0,"k":[0,0],"ix":1},"s":{"a":0,"k":[100,100],"ix":3},"r":{"a":0,"k":0,"ix":6},"o":{"a":0,"k":100,"ix":7},"sk":{"a":0,"k":0,"ix":4},"sa":{"a":0,"k":0,"ix":5},"nm":"Transformer "}],"nm":"Groupe 7","np":4,"cix":2,"bm":0,"ix":7,"mn":"ADBE Vector Group","hd":false},{"ty":"gr","it":[{"ind":0,"ty":"sh","ix":1,"ks":{"a":0,"k":{"i":[[0,0],[-1.276,0.308],[0,0],[1.206,1.808],[0,0],[1.276,-0.309],[0,0],[-1.206,-1.808]],"o":[[0.729,1.092],[0,0],[2.112,-0.511],[0,0],[-0.728,-1.091],[0,0],[-2.111,0.511],[0,0]],"v":[[-13.516,8.613],[-10.178,9.919],[16.514,3.458],[18.38,-1.316],[13.516,-8.613],[10.178,-9.917],[-16.514,-3.458],[-18.381,1.316]],"c":true},"ix":2},"nm":"Tracé 1","mn":"ADBE Vector Shape - Group","hd":false},{"ty":"fl","c":{"a":0,"k":[0.172999991623,0.172999991623,0.169000004787,1],"ix":4},"o":{"a":0,"k":100,"ix":5},"r":1,"bm":0,"nm":"Fond 1","mn":"ADBE Vector Graphic - Fill","hd":false},{"ty":"tr","p":{"a":0,"k":[229.522,325.206],"ix":2},"a":{"a":0,"k":[0,0],"ix":1},"s":{"a":0,"k":[100,100],"ix":3},"r":{"a":0,"k":0,"ix":6},"o":{"a":0,"k":100,"ix":7},"sk":{"a":0,"k":0,"ix":4},"sa":{"a":0,"k":0,"ix":5},"nm":"Transformer "}],"nm":"Groupe 8","np":4,"cix":2,"bm":0,"ix":8,"mn":"ADBE Vector Group","hd":false},{"ty":"gr","it":[{"ind":0,"ty":"sh","ix":1,"ks":{"a":0,"k":{"i":[[1.206,1.808],[0,0],[1.276,-0.308],[0,0],[-1.205,-1.808],[0,0],[-1.275,0.309],[0,0]],"o":[[0,0],[-0.729,-1.092],[0,0],[-2.112,0.512],[0,0],[0.728,1.091],[0,0],[2.112,-0.51]],"v":[[18.381,-1.317],[13.516,-8.614],[10.178,-9.919],[-16.514,-3.46],[-18.382,1.316],[-13.516,8.613],[-10.18,9.917],[16.514,3.457]],"c":true},"ix":2},"nm":"Tracé 1","mn":"ADBE Vector Shape - Group","hd":false},{"ty":"fl","c":{"a":0,"k":[0.172999991623,0.172999991623,0.169000004787,1],"ix":4},"o":{"a":0,"k":100,"ix":5},"r":1,"bm":0,"nm":"Fond 1","mn":"ADBE Vector Graphic - Fill","hd":false},{"ty":"tr","p":{"a":0,"k":[188.154,335.191],"ix":2},"a":{"a":0,"k":[0,0],"ix":1},"s":{"a":0,"k":[100,100],"ix":3},"r":{"a":0,"k":0,"ix":6},"o":{"a":0,"k":100,"ix":7},"sk":{"a":0,"k":0,"ix":4},"sa":{"a":0,"k":0,"ix":5},"nm":"Transformer "}],"nm":"Groupe 9","np":4,"cix":2,"bm":0,"ix":9,"mn":"ADBE Vector Group","hd":false},{"ty":"gr","it":[{"ind":0,"ty":"sh","ix":1,"ks":{"a":0,"k":{"i":[[-1.205,-1.808],[0,0],[-1.277,0.308],[0,0],[1.205,1.809],[0,0],[1.276,-0.309],[0,0]],"o":[[0,0],[0.728,1.093],[0,0],[2.111,-0.512],[0,0],[-0.728,-1.092],[0,0],[-2.112,0.51]],"v":[[-18.381,1.316],[-13.516,8.614],[-10.178,9.919],[16.515,3.46],[18.381,-1.316],[13.516,-8.612],[10.179,-9.917],[-16.514,-3.457]],"c":true},"ix":2},"nm":"Tracé 1","mn":"ADBE Vector Shape - Group","hd":false},{"ty":"fl","c":{"a":0,"k":[0.172999991623,0.172999991623,0.169000004787,1],"ix":4},"o":{"a":0,"k":100,"ix":5},"r":1,"bm":0,"nm":"Fond 1","mn":"ADBE Vector Graphic - Fill","hd":false},{"ty":"tr","p":{"a":0,"k":[258.052,298.102],"ix":2},"a":{"a":0,"k":[0,0],"ix":1},"s":{"a":0,"k":[100,100],"ix":3},"r":{"a":0,"k":0,"ix":6},"o":{"a":0,"k":100,"ix":7},"sk":{"a":0,"k":0,"ix":4},"sa":{"a":0,"k":0,"ix":5},"nm":"Transformer "}],"nm":"Groupe 10","np":4,"cix":2,"bm":0,"ix":10,"mn":"ADBE Vector Group","hd":false},{"ty":"gr","it":[{"ind":0,"ty":"sh","ix":1,"ks":{"a":0,"k":{"i":[[1.205,1.809],[0,0],[1.276,-0.308],[0,0],[-1.205,-1.808],[0,0],[-1.276,0.309],[0,0]],"o":[[0,0],[-0.729,-1.093],[0,0],[-2.112,0.511],[0,0],[0.728,1.092],[0,0],[2.112,-0.511]],"v":[[18.381,-1.316],[13.517,-8.612],[10.179,-9.918],[-16.514,-3.458],[-18.381,1.317],[-13.516,8.614],[-10.179,9.918],[16.514,3.458]],"c":true},"ix":2},"nm":"Tracé 1","mn":"ADBE Vector Shape - Group","hd":false},{"ty":"fl","c":{"a":0,"k":[0.172999991623,0.172999991623,0.169000004787,1],"ix":4},"o":{"a":0,"k":100,"ix":5},"r":1,"bm":0,"nm":"Fond 1","mn":"ADBE Vector Graphic - Fill","hd":false},{"ty":"tr","p":{"a":0,"k":[216.684,308.088],"ix":2},"a":{"a":0,"k":[0,0],"ix":1},"s":{"a":0,"k":[100,100],"ix":3},"r":{"a":0,"k":0,"ix":6},"o":{"a":0,"k":100,"ix":7},"sk":{"a":0,"k":0,"ix":4},"sa":{"a":0,"k":0,"ix":5},"nm":"Transformer "}],"nm":"Groupe 11","np":4,"cix":2,"bm":0,"ix":11,"mn":"ADBE Vector Group","hd":false},{"ty":"gr","it":[{"ind":0,"ty":"sh","ix":1,"ks":{"a":0,"k":{"i":[[1.206,1.809],[0,0],[1.276,-0.308],[0,0],[-1.205,-1.808],[0,0],[-1.276,0.31],[0,0]],"o":[[0,0],[-0.729,-1.093],[0,0],[-2.112,0.511],[0,0],[0.728,1.092],[0,0],[2.112,-0.51]],"v":[[18.381,-1.317],[13.516,-8.613],[10.178,-9.919],[-16.514,-3.459],[-18.382,1.316],[-13.516,8.613],[-10.178,9.917],[16.514,3.458]],"c":true},"ix":2},"nm":"Tracé 1","mn":"ADBE Vector Shape - Group","hd":false},{"ty":"fl","c":{"a":0,"k":[0.172999991623,0.172999991623,0.169000004787,1],"ix":4},"o":{"a":0,"k":100,"ix":5},"r":1,"bm":0,"nm":"Fond 1","mn":"ADBE Vector Graphic - Fill","hd":false},{"ty":"tr","p":{"a":0,"k":[175.316,318.074],"ix":2},"a":{"a":0,"k":[0,0],"ix":1},"s":{"a":0,"k":[100,100],"ix":3},"r":{"a":0,"k":0,"ix":6},"o":{"a":0,"k":100,"ix":7},"sk":{"a":0,"k":0,"ix":4},"sa":{"a":0,"k":0,"ix":5},"nm":"Transformer "}],"nm":"Groupe 12","np":4,"cix":2,"bm":0,"ix":12,"mn":"ADBE Vector Group","hd":false},{"ty":"gr","it":[{"ind":0,"ty":"sh","ix":1,"ks":{"a":0,"k":{"i":[[0,0],[-1.276,0.308],[0,0],[1.206,1.808],[0,0],[1.276,-0.309],[0,0],[-1.205,-1.808]],"o":[[0.729,1.093],[0,0],[2.112,-0.511],[0,0],[-0.728,-1.092],[0,0],[-2.112,0.511],[0,0]],"v":[[-13.516,8.612],[-10.178,9.919],[16.514,3.458],[18.38,-1.316],[13.516,-8.613],[10.178,-9.918],[-16.514,-3.458],[-18.382,1.316]],"c":true},"ix":2},"nm":"Tracé 1","mn":"ADBE Vector Shape - Group","hd":false},{"ty":"fl","c":{"a":0,"k":[0.172999991623,0.172999991623,0.169000004787,1],"ix":4},"o":{"a":0,"k":100,"ix":5},"r":1,"bm":0,"nm":"Fond 1","mn":"ADBE Vector Graphic - Fill","hd":false},{"ty":"tr","p":{"a":0,"k":[245.214,280.985],"ix":2},"a":{"a":0,"k":[0,0],"ix":1},"s":{"a":0,"k":[100,100],"ix":3},"r":{"a":0,"k":0,"ix":6},"o":{"a":0,"k":100,"ix":7},"sk":{"a":0,"k":0,"ix":4},"sa":{"a":0,"k":0,"ix":5},"nm":"Transformer "}],"nm":"Groupe 13","np":4,"cix":2,"bm":0,"ix":13,"mn":"ADBE Vector Group","hd":false},{"ty":"gr","it":[{"ind":0,"ty":"sh","ix":1,"ks":{"a":0,"k":{"i":[[0,0],[-1.276,0.308],[0,0],[1.206,1.808],[0,0],[1.276,-0.309],[0,0],[-1.206,-1.808]],"o":[[0.729,1.093],[0,0],[2.112,-0.511],[0,0],[-0.728,-1.092],[0,0],[-2.111,0.511],[0,0]],"v":[[-13.516,8.612],[-10.178,9.919],[16.514,3.458],[18.38,-1.316],[13.516,-8.613],[10.178,-9.918],[-16.514,-3.458],[-18.381,1.316]],"c":true},"ix":2},"nm":"Tracé 1","mn":"ADBE Vector Shape - Group","hd":false},{"ty":"fl","c":{"a":0,"k":[0.17254901960784313,0.17254901960784313,0.16862745098039217,1],"ix":4},"o":{"a":0,"k":100,"ix":5},"r":1,"bm":0,"nm":"Fond 1","mn":"ADBE Vector Graphic - Fill","hd":false},{"ty":"tr","p":{"a":0,"k":[203.845,290.97],"ix":2},"a":{"a":0,"k":[0,0],"ix":1},"s":{"a":0,"k":[100,100],"ix":3},"r":{"a":0,"k":0,"ix":6},"o":{"a":0,"k":100,"ix":7},"sk":{"a":0,"k":0,"ix":4},"sa":{"a":0,"k":0,"ix":5},"nm":"Transformer "}],"nm":"Groupe 14","np":4,"cix":2,"bm":0,"ix":14,"mn":"ADBE Vector Group","hd":false},{"ty":"gr","it":[{"ind":0,"ty":"sh","ix":1,"ks":{"a":0,"k":{"i":[[1.206,1.808],[0,0],[1.276,-0.308],[0,0],[-1.205,-1.809],[0,0],[-1.276,0.309],[0,0]],"o":[[0,0],[-0.729,-1.093],[0,0],[-2.112,0.512],[0,0],[0.728,1.092],[0,0],[2.112,-0.51]],"v":[[18.381,-1.317],[13.516,-8.614],[10.178,-9.919],[-16.514,-3.46],[-18.382,1.316],[-13.516,8.612],[-10.178,9.917],[16.514,3.457]],"c":true},"ix":2},"nm":"Tracé 1","mn":"ADBE Vector Shape - Group","hd":false},{"ty":"fl","c":{"a":0,"k":[0.17254901960784313,0.17254901960784313,0.16862745098039217,1],"ix":4},"o":{"a":0,"k":100,"ix":5},"r":1,"bm":0,"nm":"Fond 1","mn":"ADBE Vector Graphic - Fill","hd":false},{"ty":"tr","p":{"a":0,"k":[162.478,300.956],"ix":2},"a":{"a":0,"k":[0,0],"ix":1},"s":{"a":0,"k":[100,100],"ix":3},"r":{"a":0,"k":0,"ix":6},"o":{"a":0,"k":100,"ix":7},"sk":{"a":0,"k":0,"ix":4},"sa":{"a":0,"k":0,"ix":5},"nm":"Transformer "}],"nm":"Groupe 15","np":4,"cix":2,"bm":0,"ix":15,"mn":"ADBE Vector Group","hd":false},{"ty":"gr","it":[{"ind":0,"ty":"sh","ix":1,"ks":{"a":0,"k":{"i":[[2.647,3.259],[0,0],[-4.09,0.836],[0,0],[-2.961,-3.825],[0,0],[2.746,-0.607],[0,0]],"o":[[0,0],[-2.633,-3.241],[0,0],[4.739,-0.969],[0,0],[1.722,2.224],[0,0],[-4.1,0.906]],"v":[[-47.697,30.325],[-74.684,-2.889],[-71.482,-11.844],[37.323,-34.1],[49.901,-29.435],[75.595,3.753],[73.391,9.843],[-36.69,34.163]],"c":true},"ix":2},"nm":"Tracé 1","mn":"ADBE Vector Shape - Group","hd":false},{"ty":"fl","c":{"a":0,"k":[0.294000004787,0.705999995213,0.902000038297,1],"ix":4},"o":{"a":0,"k":100,"ix":5},"r":1,"bm":0,"nm":"Fond 1","mn":"ADBE Vector Graphic - Fill","hd":false},{"ty":"tr","p":{"a":0,"k":[168.264,239.952],"ix":2},"a":{"a":0,"k":[0,0],"ix":1},"s":{"a":0,"k":[100,100],"ix":3},"r":{"a":0,"k":0,"ix":6},"o":{"a":0,"k":100,"ix":7},"sk":{"a":0,"k":0,"ix":4},"sa":{"a":0,"k":0,"ix":5},"nm":"Transformer "}],"nm":"Groupe 16","np":4,"cix":2,"bm":0,"ix":16,"mn":"ADBE Vector Group","hd":false},{"ty":"gr","it":[{"ind":0,"ty":"sh","ix":1,"ks":{"a":0,"k":{"i":[[0,0],[0,0],[0,0],[0,0],[0,0],[0,0],[0,0],[0,0]],"o":[[8.559,15.929],[0,0],[-31.382,8.56],[0,0],[-6.419,-30.67],[0,0],[16.404,-0.714],[0,0]],"v":[[136.942,55.869],[136.942,75.603],[31.382,114.118],[-14.265,104.133],[-139.082,-56.346],[-126.244,-96.288],[0.713,-121.964],[21.397,-112.693]],"c":true},"ix":2},"nm":"Tracé 1","mn":"ADBE Vector Shape - Group","hd":false},{"ty":"fl","c":{"a":0,"k":[0.2901960784313726,0.2901960784313726,0.2901960784313726,1],"ix":4},"o":{"a":0,"k":100,"ix":5},"r":1,"bm":0,"nm":"Fond 1","mn":"ADBE Vector Graphic - Fill","hd":false},{"ty":"tr","p":{"a":0,"k":[203.342,316.961],"ix":2},"a":{"a":0,"k":[0,0],"ix":1},"s":{"a":0,"k":[100,100],"ix":3},"r":{"a":0,"k":0,"ix":6},"o":{"a":0,"k":100,"ix":7},"sk":{"a":0,"k":0,"ix":4},"sa":{"a":0,"k":0,"ix":5},"nm":"Transformer "}],"nm":"Groupe 17","np":4,"cix":2,"bm":0,"ix":17,"mn":"ADBE Vector Group","hd":false}],"ip":0,"op":150.000006109625,"st":0,"bm":0},{"ddd":0,"ind":19,"ty":4,"nm":"Ombre TPE","sr":1,"ks":{"o":{"a":0,"k":10,"ix":11},"r":{"a":0,"k":0,"ix":10},"p":{"a":0,"k":[280,280,0],"ix":2},"a":{"a":0,"k":[280,280,0],"ix":1},"s":{"a":0,"k":[100,100,100],"ix":6}},"ao":0,"shapes":[{"ty":"gr","it":[{"ind":0,"ty":"sh","ix":1,"ks":{"a":0,"k":{"i":[[0,0],[0,0],[0,0],[0,0],[0,0],[0,0],[0,0],[0,0]],"o":[[9.779,15.545],[0,0],[-35.854,8.353],[0,0],[-7.333,-29.931],[0,0],[18.742,-0.696],[0,0]],"v":[[156.88,50.582],[156.88,69.126],[35.025,114.115],[-17.127,104.37],[-159.729,-52.243],[-145.061,-91.223],[-0.015,-116.281],[23.616,-107.232]],"c":true},"ix":2},"nm":"Tracé 1","mn":"ADBE Vector Shape - Group","hd":false},{"ty":"fl","c":{"a":0,"k":[0.141000007181,0.156999999402,0.176000004189,1],"ix":4},"o":{"a":0,"k":100,"ix":5},"r":1,"bm":0,"nm":"Fond 1","mn":"ADBE Vector Graphic - Fill","hd":false},{"ty":"tr","p":{"a":0,"k":[182.691,322.725],"ix":2},"a":{"a":0,"k":[0,0],"ix":1},"s":{"a":0,"k":[100,100],"ix":3},"r":{"a":0,"k":0,"ix":6},"o":{"a":0,"k":100,"ix":7},"sk":{"a":0,"k":0,"ix":4},"sa":{"a":0,"k":0,"ix":5},"nm":"Transformer "}],"nm":"Groupe 1","np":4,"cix":2,"bm":0,"ix":1,"mn":"ADBE Vector Group","hd":false}],"ip":0,"op":150.000006109625,"st":0,"bm":0}],"markers":[]}