{"v":"5.7.4","fr":60,"ip":0,"op":1200,"w":375,"h":350,"nm":"assets listos","ddd":0,"assets":[],"layers":[{"ddd":0,"ind":1,"ty":4,"nm":"borde","sr":1,"ks":{"o":{"a":0,"k":100,"ix":11},"r":{"a":0,"k":0,"ix":10},"p":{"a":0,"k":[192.341,171.841,0],"ix":2,"l":2},"a":{"a":0,"k":[0,0,0],"ix":1,"l":2},"s":{"a":0,"k":[100,100,100],"ix":6,"l":2}},"ao":0,"shapes":[{"ty":"gr","it":[{"d":1,"ty":"el","s":{"a":0,"k":[280.317,280.317],"ix":2},"p":{"a":0,"k":[0,0],"ix":3},"nm":"Ellipse Path 1","mn":"ADBE Vector Shape - Ellipse","hd":false},{"ty":"st","c":{"a":0,"k":[0.803921580315,0.831372559071,0.847058832645,1],"ix":3},"o":{"a":0,"k":100,"ix":4},"w":{"a":0,"k":0,"ix":5},"lc":1,"lj":1,"ml":4,"bm":0,"nm":"Stroke 1","mn":"ADBE Vector Graphic - Stroke","hd":false},{"ty":"tr","p":{"a":0,"k":[-5.023,3.36],"ix":2},"a":{"a":0,"k":[0,0],"ix":1},"s":{"a":0,"k":[100,100],"ix":3},"r":{"a":0,"k":0,"ix":6},"o":{"a":0,"k":100,"ix":7},"sk":{"a":0,"k":0,"ix":4},"sa":{"a":0,"k":0,"ix":5},"nm":"Transform"}],"nm":"Ellipse 1","np":3,"cix":2,"bm":0,"ix":1,"mn":"ADBE Vector Group","hd":false}],"ip":0,"op":1202,"st":0,"bm":0},{"ddd":0,"ind":2,"ty":4,"nm":"mascara","sr":1,"ks":{"o":{"a":0,"k":100,"ix":11},"r":{"a":0,"k":0,"ix":10},"p":{"a":0,"k":[186.5,173,0],"ix":2,"l":2},"a":{"a":0,"k":[188.25,175.75,0],"ix":1,"l":2},"s":{"a":0,"k":[102,101,100],"ix":6,"l":2}},"ao":0,"shapes":[{"ty":"gr","it":[{"ind":0,"ty":"sh","ix":1,"ks":{"a":0,"k":{"i":[[182.43,-3.09],[-182.436,3.089]],"o":[[-182.458,-3.116],[182.452,3.115]],"v":[[0.625,140.794],[0.631,-136.814]],"c":true},"ix":2},"nm":"Path 1","mn":"ADBE Vector Shape - Group","hd":false},{"ind":1,"ty":"sh","ix":2,"ks":{"a":0,"k":{"i":[[0,0],[0,0],[0,0],[0,0]],"o":[[0,0],[0,0],[0,0],[0,0]],"v":[[-188,175.5],[188,175.5],[188,-175.5],[-188,-175.5]],"c":true},"ix":2},"nm":"Path 2","mn":"ADBE Vector Shape - Group","hd":false},{"ty":"mm","mm":1,"nm":"Merge Paths 1","mn":"ADBE Vector Filter - Merge","hd":false},{"ty":"fl","c":{"a":0,"k":[1,1,1,1],"ix":4},"o":{"a":0,"k":100,"ix":5},"r":1,"bm":0,"nm":"Fill 1","mn":"ADBE Vector Graphic - Fill","hd":false},{"ty":"tr","p":{"a":0,"k":[188.25,175.75],"ix":2},"a":{"a":0,"k":[0,0],"ix":1},"s":{"a":0,"k":[100,100],"ix":3},"r":{"a":0,"k":0,"ix":6},"o":{"a":0,"k":100,"ix":7},"sk":{"a":0,"k":0,"ix":4},"sa":{"a":0,"k":0,"ix":5},"nm":"Transform"}],"nm":"Group 1","np":6,"cix":2,"bm":0,"ix":1,"mn":"ADBE Vector Group","hd":false}],"ip":0,"op":1202,"st":0,"bm":0},{"ddd":0,"ind":3,"ty":4,"nm":"Expresion05","sr":1,"ks":{"o":{"a":1,"k":[{"i":{"x":[0.833],"y":[0.833]},"o":{"x":[0.167],"y":[0.167]},"t":1064,"s":[0]},{"i":{"x":[0.833],"y":[0.833]},"o":{"x":[0.167],"y":[0.167]},"t":1066,"s":[100]},{"i":{"x":[0.833],"y":[0.833]},"o":{"x":[0.167],"y":[0.167]},"t":1122,"s":[100]},{"t":1125,"s":[0]}],"ix":11},"r":{"a":0,"k":0,"ix":10},"p":{"a":0,"k":[245.25,188.75,0],"ix":2,"l":2},"a":{"a":0,"k":[0,0,0],"ix":1,"l":2},"s":{"a":0,"k":[100,100,100],"ix":6,"l":2}},"ao":0,"shapes":[{"ty":"gr","it":[{"ind":0,"ty":"sh","ix":1,"ks":{"a":1,"k":[{"i":{"x":0.833,"y":0.833},"o":{"x":0.167,"y":0.167},"t":1063,"s":[{"i":[[0,0],[0,0]],"o":[[0,0],[0,0]],"v":[[-21.688,-76.625],[-24.312,-74.688]],"c":false}]},{"i":{"x":0.833,"y":0.833},"o":{"x":0.333,"y":0},"t":1066,"s":[{"i":[[0,0],[0,0]],"o":[[0,0],[0,0]],"v":[[-21.688,-76.625],[-24.312,-74.688]],"c":false}]},{"i":{"x":0.833,"y":0.833},"o":{"x":0.167,"y":0.167},"t":1076,"s":[{"i":[[0,0],[0,0]],"o":[[0,0],[0,0]],"v":[[-3.562,-89.312],[-24.312,-74.688]],"c":false}]},{"i":{"x":0.833,"y":0.833},"o":{"x":0.167,"y":0.167},"t":1112,"s":[{"i":[[0,0],[0,0]],"o":[[0,0],[0,0]],"v":[[-3.562,-89.312],[-24.312,-74.688]],"c":false}]},{"i":{"x":0.833,"y":0.833},"o":{"x":0.167,"y":0.167},"t":1122,"s":[{"i":[[0,0],[0,0]],"o":[[0,0],[0,0]],"v":[[-3.562,-89.312],[-6.062,-86.938]],"c":false}]},{"t":1125,"s":[{"i":[[0,0],[0,0]],"o":[[0,0],[0,0]],"v":[[-3.562,-89.312],[-6.062,-86.938]],"c":false}]}],"ix":2},"nm":"Path 1","mn":"ADBE Vector Shape - Group","hd":false},{"ty":"st","c":{"a":0,"k":[0.721568644047,0.686274528503,0.952941179276,1],"ix":3},"o":{"a":0,"k":100,"ix":4},"w":{"a":0,"k":4,"ix":5},"lc":2,"lj":1,"ml":4,"bm":0,"nm":"Stroke 1","mn":"ADBE Vector Graphic - Stroke","hd":false},{"ty":"tr","p":{"a":0,"k":[0,0],"ix":2},"a":{"a":0,"k":[0,0],"ix":1},"s":{"a":0,"k":[100,100],"ix":3},"r":{"a":0,"k":0,"ix":6},"o":{"a":0,"k":100,"ix":7},"sk":{"a":0,"k":0,"ix":4},"sa":{"a":0,"k":0,"ix":5},"nm":"Transform"}],"nm":"Shape 1","np":3,"cix":2,"bm":0,"ix":1,"mn":"ADBE Vector Group","hd":false}],"ip":0,"op":1202,"st":0,"bm":0},{"ddd":0,"ind":4,"ty":4,"nm":"Expresion04","sr":1,"ks":{"o":{"a":1,"k":[{"i":{"x":[0.833],"y":[0.833]},"o":{"x":[0.167],"y":[0.167]},"t":1061,"s":[0]},{"i":{"x":[0.833],"y":[0.833]},"o":{"x":[0.167],"y":[0.167]},"t":1063,"s":[100]},{"i":{"x":[0.833],"y":[0.833]},"o":{"x":[0.167],"y":[0.167]},"t":1131,"s":[100]},{"t":1134,"s":[0]}],"ix":11},"r":{"a":0,"k":0,"ix":10},"p":{"a":0,"k":[235,176.25,0],"ix":2,"l":2},"a":{"a":0,"k":[0,0,0],"ix":1,"l":2},"s":{"a":0,"k":[100,100,100],"ix":6,"l":2}},"ao":0,"shapes":[{"ty":"gr","it":[{"ind":0,"ty":"sh","ix":1,"ks":{"a":1,"k":[{"i":{"x":0.833,"y":0.833},"o":{"x":0.167,"y":0.167},"t":1060,"s":[{"i":[[0,0],[0,0]],"o":[[0,0],[0,0]],"v":[[-21.875,-79.25],[-24.312,-74.688]],"c":false}]},{"i":{"x":0.833,"y":0.833},"o":{"x":0.333,"y":0},"t":1064,"s":[{"i":[[0,0],[0,0]],"o":[[0,0],[0,0]],"v":[[-21.875,-79.25],[-24.312,-74.688]],"c":false}]},{"i":{"x":0.833,"y":0.833},"o":{"x":0.167,"y":0.167},"t":1073,"s":[{"i":[[0,0],[0,0]],"o":[[0,0],[0,0]],"v":[[-14.125,-98],[-24.312,-74.688]],"c":false}]},{"i":{"x":0.833,"y":0.833},"o":{"x":0.167,"y":0.167},"t":1120,"s":[{"i":[[0,0],[0,0]],"o":[[0,0],[0,0]],"v":[[-14.125,-98],[-24.312,-74.688]],"c":false}]},{"i":{"x":0.833,"y":0.833},"o":{"x":0.167,"y":0.167},"t":1131,"s":[{"i":[[0,0],[0,0]],"o":[[0,0],[0,0]],"v":[[-14.125,-98],[-16.062,-94.688]],"c":false}]},{"t":1134,"s":[{"i":[[0,0],[0,0]],"o":[[0,0],[0,0]],"v":[[-14.125,-98],[-16.062,-94.688]],"c":false}]}],"ix":2},"nm":"Path 1","mn":"ADBE Vector Shape - Group","hd":false},{"ty":"st","c":{"a":0,"k":[0.721568644047,0.686274528503,0.952941179276,1],"ix":3},"o":{"a":0,"k":100,"ix":4},"w":{"a":0,"k":4,"ix":5},"lc":2,"lj":1,"ml":4,"bm":0,"nm":"Stroke 1","mn":"ADBE Vector Graphic - Stroke","hd":false},{"ty":"tr","p":{"a":0,"k":[0,0],"ix":2},"a":{"a":0,"k":[0,0],"ix":1},"s":{"a":0,"k":[100,100],"ix":3},"r":{"a":0,"k":0,"ix":6},"o":{"a":0,"k":100,"ix":7},"sk":{"a":0,"k":0,"ix":4},"sa":{"a":0,"k":0,"ix":5},"nm":"Transform"}],"nm":"Shape 1","np":3,"cix":2,"bm":0,"ix":1,"mn":"ADBE Vector Group","hd":false}],"ip":0,"op":1202,"st":0,"bm":0},{"ddd":0,"ind":5,"ty":4,"nm":"Expresion03","sr":1,"ks":{"o":{"a":1,"k":[{"i":{"x":[0.833],"y":[0.833]},"o":{"x":[0.167],"y":[0.167]},"t":1055,"s":[0]},{"i":{"x":[0.833],"y":[0.833]},"o":{"x":[0.167],"y":[0.167]},"t":1057,"s":[100]},{"i":{"x":[0.833],"y":[0.833]},"o":{"x":[0.167],"y":[0.167]},"t":1142,"s":[100]},{"t":1144,"s":[0]}],"ix":11},"r":{"a":0,"k":0,"ix":10},"p":{"a":0,"k":[221.25,168.5,0],"ix":2,"l":2},"a":{"a":0,"k":[0,0,0],"ix":1,"l":2},"s":{"a":0,"k":[100,100,100],"ix":6,"l":2}},"ao":0,"shapes":[{"ty":"gr","it":[{"ind":0,"ty":"sh","ix":1,"ks":{"a":1,"k":[{"i":{"x":0.833,"y":0.833},"o":{"x":0.167,"y":0.167},"t":1053,"s":[{"i":[[0,0],[0,0]],"o":[[0,0],[0,0]],"v":[[-24.188,-78.188],[-23.75,-73.75]],"c":false}]},{"i":{"x":0.833,"y":0.833},"o":{"x":0.333,"y":0},"t":1057,"s":[{"i":[[0,0],[0,0]],"o":[[0,0],[0,0]],"v":[[-24.188,-78.188],[-23.75,-73.75]],"c":false}]},{"i":{"x":0.833,"y":0.833},"o":{"x":0.167,"y":0.167},"t":1066,"s":[{"i":[[0,0],[0,0]],"o":[[0,0],[0,0]],"v":[[-24.312,-96.625],[-23.75,-73.75]],"c":false}]},{"i":{"x":0.833,"y":0.833},"o":{"x":0.167,"y":0.167},"t":1130,"s":[{"i":[[0,0],[0,0]],"o":[[0,0],[0,0]],"v":[[-24.312,-96.625],[-23.75,-73.75]],"c":false}]},{"i":{"x":0.833,"y":0.833},"o":{"x":0.167,"y":0.167},"t":1142,"s":[{"i":[[0,0],[0,0]],"o":[[0,0],[0,0]],"v":[[-24.312,-96.625],[-23.938,-92.75]],"c":false}]},{"t":1145,"s":[{"i":[[0,0],[0,0]],"o":[[0,0],[0,0]],"v":[[-24.312,-96.625],[-23.938,-92.75]],"c":false}]}],"ix":2},"nm":"Path 1","mn":"ADBE Vector Shape - Group","hd":false},{"ty":"st","c":{"a":0,"k":[0.721568644047,0.686274528503,0.952941179276,1],"ix":3},"o":{"a":0,"k":100,"ix":4},"w":{"a":0,"k":4,"ix":5},"lc":2,"lj":1,"ml":4,"bm":0,"nm":"Stroke 1","mn":"ADBE Vector Graphic - Stroke","hd":false},{"ty":"tr","p":{"a":0,"k":[0,0],"ix":2},"a":{"a":0,"k":[0,0],"ix":1},"s":{"a":0,"k":[100,100],"ix":3},"r":{"a":0,"k":0,"ix":6},"o":{"a":0,"k":100,"ix":7},"sk":{"a":0,"k":0,"ix":4},"sa":{"a":0,"k":0,"ix":5},"nm":"Transform"}],"nm":"Shape 1","np":3,"cix":2,"bm":0,"ix":1,"mn":"ADBE Vector Group","hd":false}],"ip":0,"op":1202,"st":0,"bm":0},{"ddd":0,"ind":6,"ty":4,"nm":"Expresion02","sr":1,"ks":{"o":{"a":1,"k":[{"i":{"x":[0.833],"y":[0.833]},"o":{"x":[0.167],"y":[0.167]},"t":1062,"s":[0]},{"i":{"x":[0.833],"y":[0.833]},"o":{"x":[0.167],"y":[0.167]},"t":1064,"s":[100]},{"i":{"x":[0.833],"y":[0.833]},"o":{"x":[0.167],"y":[0.167]},"t":1131,"s":[100]},{"t":1133,"s":[0]}],"ix":11},"r":{"a":0,"k":0,"ix":10},"p":{"a":0,"k":[203.5,172.5,0],"ix":2,"l":2},"a":{"a":0,"k":[0,0,0],"ix":1,"l":2},"s":{"a":0,"k":[100,100,100],"ix":6,"l":2}},"ao":0,"shapes":[{"ty":"gr","it":[{"ind":0,"ty":"sh","ix":1,"ks":{"a":1,"k":[{"i":{"x":0.833,"y":0.833},"o":{"x":0.167,"y":0.167},"t":1060,"s":[{"i":[[0,0],[0,0]],"o":[[0,0],[0,0]],"v":[[-24.75,-79.25],[-23.75,-73.75]],"c":false}]},{"i":{"x":0.833,"y":0.833},"o":{"x":0.333,"y":0},"t":1064,"s":[{"i":[[0,0],[0,0]],"o":[[0,0],[0,0]],"v":[[-24.75,-79.25],[-23.75,-73.75]],"c":false}]},{"i":{"x":0.833,"y":0.833},"o":{"x":0.167,"y":0.167},"t":1073,"s":[{"i":[[0,0],[0,0]],"o":[[0,0],[0,0]],"v":[[-28.5,-97.75],[-23.75,-73.75]],"c":false}]},{"i":{"x":0.833,"y":0.833},"o":{"x":0.167,"y":0.167},"t":1120,"s":[{"i":[[0,0],[0,0]],"o":[[0,0],[0,0]],"v":[[-28.5,-97.75],[-23.75,-73.75]],"c":false}]},{"i":{"x":0.833,"y":0.833},"o":{"x":0.167,"y":0.167},"t":1131,"s":[{"i":[[0,0],[0,0]],"o":[[0,0],[0,0]],"v":[[-28.5,-97.75],[-27.75,-95]],"c":false}]},{"t":1134,"s":[{"i":[[0,0],[0,0]],"o":[[0,0],[0,0]],"v":[[-28.5,-97.75],[-27.75,-95]],"c":false}]}],"ix":2},"nm":"Path 1","mn":"ADBE Vector Shape - Group","hd":false},{"ty":"st","c":{"a":0,"k":[0.721568644047,0.686274528503,0.952941179276,1],"ix":3},"o":{"a":0,"k":100,"ix":4},"w":{"a":0,"k":4,"ix":5},"lc":2,"lj":1,"ml":4,"bm":0,"nm":"Stroke 1","mn":"ADBE Vector Graphic - Stroke","hd":false},{"ty":"tr","p":{"a":0,"k":[0,0],"ix":2},"a":{"a":0,"k":[0,0],"ix":1},"s":{"a":0,"k":[100,100],"ix":3},"r":{"a":0,"k":0,"ix":6},"o":{"a":0,"k":100,"ix":7},"sk":{"a":0,"k":0,"ix":4},"sa":{"a":0,"k":0,"ix":5},"nm":"Transform"}],"nm":"Shape 1","np":3,"cix":2,"bm":0,"ix":1,"mn":"ADBE Vector Group","hd":false}],"ip":0,"op":1202,"st":0,"bm":0},{"ddd":0,"ind":7,"ty":4,"nm":"Expresion01","sr":1,"ks":{"o":{"a":1,"k":[{"i":{"x":[0.833],"y":[0.833]},"o":{"x":[0.167],"y":[0.167]},"t":1064,"s":[0]},{"i":{"x":[0.833],"y":[0.833]},"o":{"x":[0.167],"y":[0.167]},"t":1067,"s":[100]},{"i":{"x":[0.833],"y":[0.833]},"o":{"x":[0.167],"y":[0.167]},"t":1122,"s":[100]},{"t":1125,"s":[0]}],"ix":11},"r":{"a":0,"k":0,"ix":10},"p":{"a":0,"k":[187.5,175,0],"ix":2,"l":2},"a":{"a":0,"k":[0,0,0],"ix":1,"l":2},"s":{"a":0,"k":[100,100,100],"ix":6,"l":2}},"ao":0,"shapes":[{"ty":"gr","it":[{"ind":0,"ty":"sh","ix":1,"ks":{"a":1,"k":[{"i":{"x":0.833,"y":0.833},"o":{"x":0.167,"y":0.167},"t":1063,"s":[{"i":[[0,0],[0,0]],"o":[[0,0],[0,0]],"v":[[-24.25,-77],[-23,-74]],"c":false}]},{"i":{"x":0.833,"y":0.833},"o":{"x":0.333,"y":0},"t":1067,"s":[{"i":[[0,0],[0,0]],"o":[[0,0],[0,0]],"v":[[-24.25,-77],[-23,-74]],"c":false}]},{"i":{"x":0.833,"y":0.833},"o":{"x":0.167,"y":0.167},"t":1076,"s":[{"i":[[0,0],[0,0]],"o":[[0,0],[0,0]],"v":[[-31.75,-95.75],[-23,-74]],"c":false}]},{"i":{"x":0.833,"y":0.833},"o":{"x":0.167,"y":0.167},"t":1110,"s":[{"i":[[0,0],[0,0]],"o":[[0,0],[0,0]],"v":[[-31.75,-95.75],[-23,-74]],"c":false}]},{"i":{"x":0.833,"y":0.833},"o":{"x":0.167,"y":0.167},"t":1122,"s":[{"i":[[0,0],[0,0]],"o":[[0,0],[0,0]],"v":[[-31.75,-95.75],[-30.562,-92.25]],"c":false}]},{"t":1125,"s":[{"i":[[0,0],[0,0]],"o":[[0,0],[0,0]],"v":[[-31.75,-95.75],[-30.562,-92.25]],"c":false}]}],"ix":2},"nm":"Path 1","mn":"ADBE Vector Shape - Group","hd":false},{"ty":"st","c":{"a":0,"k":[0.721568644047,0.686274528503,0.952941179276,1],"ix":3},"o":{"a":0,"k":100,"ix":4},"w":{"a":0,"k":4,"ix":5},"lc":2,"lj":1,"ml":4,"bm":0,"nm":"Stroke 1","mn":"ADBE Vector Graphic - Stroke","hd":false},{"ty":"tr","p":{"a":0,"k":[0,0],"ix":2},"a":{"a":0,"k":[0,0],"ix":1},"s":{"a":0,"k":[100,100],"ix":3},"r":{"a":0,"k":0,"ix":6},"o":{"a":0,"k":100,"ix":7},"sk":{"a":0,"k":0,"ix":4},"sa":{"a":0,"k":0,"ix":5},"nm":"Transform"}],"nm":"Shape 1","np":3,"cix":2,"bm":0,"ix":1,"mn":"ADBE Vector Group","hd":false}],"ip":0,"op":1202,"st":0,"bm":0},{"ddd":0,"ind":8,"ty":4,"nm":"manoTelefono_dedo01 Outlines","parent":9,"sr":1,"ks":{"o":{"a":0,"k":100,"ix":11},"r":{"a":0,"k":0,"ix":10},"p":{"a":0,"k":[27.569,-3.737,0],"ix":2,"l":2},"a":{"a":0,"k":[8.514,16.258,0],"ix":1,"l":2},"s":{"a":0,"k":[100,100,100],"ix":6,"l":2}},"ao":0,"shapes":[{"ty":"gr","it":[{"ind":0,"ty":"sh","ix":1,"ks":{"a":0,"k":{"i":[[-0.278,-4.016],[-0.268,-4.83],[4.696,-0.805],[0.269,4.16],[0,4.697],[-4.429,0.537]],"o":[[0.521,7.516],[0.268,4.832],[-4.697,0.805],[-0.267,-4.16],[0,-4.697],[4.429,-0.536]],"v":[[5.962,-10.775],[7.996,7.017],[0.884,15.203],[-6.767,5.81],[-8.264,-7.286],[0.46,-15.472]],"c":true},"ix":2},"nm":"Path 1","mn":"ADBE Vector Shape - Group","hd":false},{"ty":"fl","c":{"a":0,"k":[1,1,1,1],"ix":4},"o":{"a":0,"k":100,"ix":5},"r":1,"bm":0,"nm":"Fill 1","mn":"ADBE Vector Graphic - Fill","hd":false},{"ty":"tr","p":{"a":0,"k":[8.513,16.258],"ix":2},"a":{"a":0,"k":[0,0],"ix":1},"s":{"a":0,"k":[100,100],"ix":3},"r":{"a":0,"k":0,"ix":6},"o":{"a":0,"k":100,"ix":7},"sk":{"a":0,"k":0,"ix":4},"sa":{"a":0,"k":0,"ix":5},"nm":"Transform"}],"nm":"Group 1","np":2,"cix":2,"bm":0,"ix":1,"mn":"ADBE Vector Group","hd":false}],"ip":0,"op":1202,"st":0,"bm":0},{"ddd":0,"ind":9,"ty":4,"nm":"manoTelefono_dedo02 Outlines","parent":10,"sr":1,"ks":{"o":{"a":0,"k":100,"ix":11},"r":{"a":0,"k":0,"ix":10},"p":{"a":0,"k":[26.238,-7.568,0],"ix":2,"l":2},"a":{"a":0,"k":[8.123,14.305,0],"ix":1,"l":2},"s":{"a":0,"k":[100,100,100],"ix":6,"l":2}},"ao":0,"shapes":[{"ty":"gr","it":[{"ind":0,"ty":"sh","ix":1,"ks":{"a":0,"k":{"i":[[-0.278,-4.016],[-0.269,-4.831],[4.696,-0.805],[0.268,4.16],[0,4.697],[-4.428,0.537]],"o":[[0.521,7.516],[0.268,4.831],[-4.697,0.805],[-0.269,-4.159],[0,-4.697],[4.428,-0.536]],"v":[[6.352,-8.823],[7.605,5.064],[0.493,13.251],[-7.156,3.856],[-7.873,-5.333],[0.85,-13.52]],"c":true},"ix":2},"nm":"Path 1","mn":"ADBE Vector Shape - Group","hd":false},{"ty":"fl","c":{"a":0,"k":[1,1,1,1],"ix":4},"o":{"a":0,"k":100,"ix":5},"r":1,"bm":0,"nm":"Fill 1","mn":"ADBE Vector Graphic - Fill","hd":false},{"ty":"tr","p":{"a":0,"k":[8.123,14.306],"ix":2},"a":{"a":0,"k":[0,0],"ix":1},"s":{"a":0,"k":[100,100],"ix":3},"r":{"a":0,"k":0,"ix":6},"o":{"a":0,"k":100,"ix":7},"sk":{"a":0,"k":0,"ix":4},"sa":{"a":0,"k":0,"ix":5},"nm":"Transform"}],"nm":"Group 1","np":2,"cix":2,"bm":0,"ix":1,"mn":"ADBE Vector Group","hd":false}],"ip":0,"op":1202,"st":0,"bm":0},{"ddd":0,"ind":10,"ty":4,"nm":"manoTelefono_dedo03 Outlines","parent":11,"sr":1,"ks":{"o":{"a":0,"k":100,"ix":11},"r":{"a":0,"k":0,"ix":10},"p":{"a":0,"k":[11.615,48.216,0],"ix":2,"l":2},"a":{"a":0,"k":[7.825,10.704,0],"ix":1,"l":2},"s":{"a":0,"k":[100,100,100],"ix":6,"l":2}},"ao":0,"shapes":[{"ty":"gr","it":[{"ind":0,"ty":"sh","ix":1,"ks":{"a":0,"k":{"i":[[-0.279,-4.016],[-0.204,-2.443],[4.068,-0.705],[0.285,4.159],[0,2.329],[-4.429,0.537]],"o":[[0.074,1.065],[0.491,5.903],[-3.646,0.633],[-0.115,-1.685],[0,-4.697],[4.428,-0.536]],"v":[[6.649,-5.222],[7.084,0.035],[0.009,9.822],[-7.449,3.566],[-7.575,-1.732],[1.148,-9.919]],"c":true},"ix":2},"nm":"Path 1","mn":"ADBE Vector Shape - Group","hd":false},{"ty":"fl","c":{"a":0,"k":[1,1,1,1],"ix":4},"o":{"a":0,"k":100,"ix":5},"r":1,"bm":0,"nm":"Fill 1","mn":"ADBE Vector Graphic - Fill","hd":false},{"ty":"tr","p":{"a":0,"k":[7.825,10.705],"ix":2},"a":{"a":0,"k":[0,0],"ix":1},"s":{"a":0,"k":[100,100],"ix":3},"r":{"a":0,"k":0,"ix":6},"o":{"a":0,"k":100,"ix":7},"sk":{"a":0,"k":0,"ix":4},"sa":{"a":0,"k":0,"ix":5},"nm":"Transform"}],"nm":"Group 1","np":2,"cix":2,"bm":0,"ix":1,"mn":"ADBE Vector Group","hd":false}],"ip":0,"op":1202,"st":0,"bm":0},{"ddd":0,"ind":11,"ty":4,"nm":"manoTelefono_sombraDedos Outlines","parent":12,"sr":1,"ks":{"o":{"a":0,"k":100,"ix":11},"r":{"a":0,"k":0,"ix":10},"p":{"a":0,"k":[-49.402,48.728,0],"ix":2,"l":2},"a":{"a":0,"k":[31.671,33.394,0],"ix":1,"l":2},"s":{"a":0,"k":[100,100,100],"ix":6,"l":2}},"ao":0,"shapes":[{"ty":"gr","it":[{"ind":0,"ty":"sh","ix":1,"ks":{"a":0,"k":{"i":[[-7.838,9.238],[1.955,8.021],[-6.532,4.561],[0.772,4.511],[-5.968,2.175],[0.432,5.534],[0,0],[0,0],[0,0],[0,0]],"o":[[0,0],[0,0],[6.533,-4.561],[0,0],[5.969,-2.176],[-0.432,-5.533],[0,0],[0,0],[0,0],[0,0]],"v":[[-8.246,23.906],[-7.555,13.568],[5.102,12.995],[10.882,-4.499],[20.799,-1.165],[30.989,-13.634],[30.04,-24.326],[29.146,-33.144],[-31.421,19.028],[-23.449,28.488]],"c":true},"ix":2},"nm":"Path 1","mn":"ADBE Vector Shape - Group","hd":false},{"ty":"fl","c":{"a":0,"k":[0.803921628466,0.827451040231,0.84313731474,1],"ix":4},"o":{"a":0,"k":100,"ix":5},"r":1,"bm":0,"nm":"Fill 1","mn":"ADBE Vector Graphic - Fill","hd":false},{"ty":"tr","p":{"a":0,"k":[31.67,33.394],"ix":2},"a":{"a":0,"k":[0,0],"ix":1},"s":{"a":0,"k":[100,100],"ix":3},"r":{"a":0,"k":0,"ix":6},"o":{"a":0,"k":100,"ix":7},"sk":{"a":0,"k":0,"ix":4},"sa":{"a":0,"k":0,"ix":5},"nm":"Transform"}],"nm":"Group 1","np":2,"cix":2,"bm":0,"ix":1,"mn":"ADBE Vector Group","hd":false}],"ip":0,"op":1202,"st":0,"bm":0},{"ddd":0,"ind":12,"ty":4,"nm":"manoTarjeta_logoNFC Outlines","parent":13,"sr":1,"ks":{"o":{"a":0,"k":100,"ix":11},"r":{"a":0,"k":0,"ix":10},"p":{"a":0,"k":[53.129,-48.666,0],"ix":2,"l":2},"a":{"a":0,"k":[42.802,33.089,0],"ix":1,"l":2},"s":{"a":0,"k":[100,100,100],"ix":6,"l":2}},"ao":0,"shapes":[{"ty":"gr","it":[{"ind":0,"ty":"sh","ix":1,"ks":{"a":0,"k":{"i":[[2.545,-0.294],[-0.119,-0.998],[-1.038,0.002],[-0.441,-0.048],[-0.118,-1.838],[0.019,-0.426],[-1.013,-0.174],[-0.151,1.027],[1.843,1.999]],"o":[[-1.01,0.117],[0.12,1.016],[0.445,-0.001],[1.832,0.196],[0.027,0.426],[-0.05,1.036],[0.997,0.171],[0.373,-2.536],[-1.905,-1.862]],"v":[[-3.752,-5.207],[-5.277,-3.191],[-3.258,-1.424],[-1.923,-1.416],[1.297,1.948],[1.258,3.227],[2.927,5.33],[5.024,3.844],[2.99,-3.003]],"c":true},"ix":2},"nm":"Path 1","mn":"ADBE Vector Shape - Group","hd":false},{"ty":"fl","c":{"a":0,"k":[0.239215686917,0.247058823705,0.250980407,1],"ix":4},"o":{"a":0,"k":100,"ix":5},"r":1,"bm":0,"nm":"Fill 1","mn":"ADBE Vector Graphic - Fill","hd":false},{"ty":"tr","p":{"a":0,"k":[21.027,45.137],"ix":2},"a":{"a":0,"k":[0,0],"ix":1},"s":{"a":0,"k":[100,100],"ix":3},"r":{"a":0,"k":0,"ix":6},"o":{"a":0,"k":100,"ix":7},"sk":{"a":0,"k":0,"ix":4},"sa":{"a":0,"k":0,"ix":5},"nm":"Transform"}],"nm":"Group 1","np":2,"cix":2,"bm":0,"ix":1,"mn":"ADBE Vector Group","hd":false},{"ty":"gr","it":[{"ind":0,"ty":"sh","ix":1,"ks":{"a":0,"k":{"i":[[0.451,0.343],[3.918,-0.511],[-0.117,-1.071],[-1.145,0.098],[-0.709,-0.01],[-0.789,-4.3],[0.226,-1.442],[-1.072,-0.151],[-0.225,1.124],[-0.035,0.326],[3.015,3.226]],"o":[[-3.154,-2.399],[-1.132,0.148],[0.119,1.086],[0.71,-0.06],[4.616,0.06],[0.263,1.427],[-0.177,1.128],[1.068,0.15],[0.064,-0.322],[0.454,-4.224],[-0.318,-0.279]],"v":[[3.765,-6.044],[-6.943,-8.535],[-8.725,-6.319],[-6.539,-4.632],[-4.406,-4.753],[4.38,2.349],[4.361,6.65],[5.965,8.896],[8.243,7.187],[8.389,6.213],[4.94,-5.02]],"c":true},"ix":2},"nm":"Path 1","mn":"ADBE Vector Shape - Group","hd":false},{"ty":"fl","c":{"a":0,"k":[0.239215686917,0.247058823705,0.250980407,1],"ix":4},"o":{"a":0,"k":100,"ix":5},"r":1,"bm":0,"nm":"Fill 1","mn":"ADBE Vector Graphic - Fill","hd":false},{"ty":"tr","p":{"a":0,"k":[25.166,41.186],"ix":2},"a":{"a":0,"k":[0,0],"ix":1},"s":{"a":0,"k":[100,100],"ix":3},"r":{"a":0,"k":0,"ix":6},"o":{"a":0,"k":100,"ix":7},"sk":{"a":0,"k":0,"ix":4},"sa":{"a":0,"k":0,"ix":5},"nm":"Transform"}],"nm":"Group 2","np":2,"cix":2,"bm":0,"ix":2,"mn":"ADBE Vector Group","hd":false},{"ty":"gr","it":[{"ind":0,"ty":"sh","ix":1,"ks":{"a":0,"k":{"i":[[0.527,0.425],[5.701,-0.72],[-0.651,-1.118],[-0.898,0.106],[-2.039,-0.472],[-1.432,-5.779],[0.336,-2.372],[-1.061,-0.144],[-0.156,1.165],[-0.021,1.088],[3.764,4.029]],"o":[[-4.599,-3.703],[-1.293,0.163],[0.455,0.782],[2.072,-0.245],[5.775,1.335],[0.58,2.338],[-0.164,1.155],[1.108,0.151],[0.144,-1.081],[0.098,-5.205],[-0.343,-0.307]],"v":[[5.47,-7.752],[-10.127,-11.718],[-11.431,-8.915],[-9.369,-7.942],[-3.186,-7.695],[7.699,2.939],[7.895,10.017],[9.504,12.287],[11.694,10.59],[11.984,7.33],[6.827,-6.544]],"c":true},"ix":2},"nm":"Path 1","mn":"ADBE Vector Shape - Group","hd":false},{"ty":"fl","c":{"a":0,"k":[0.239215686917,0.247058823705,0.250980407,1],"ix":4},"o":{"a":0,"k":100,"ix":5},"r":1,"bm":0,"nm":"Fill 1","mn":"ADBE Vector Graphic - Fill","hd":false},{"ty":"tr","p":{"a":0,"k":[29.886,36.864],"ix":2},"a":{"a":0,"k":[0,0],"ix":1},"s":{"a":0,"k":[100,100],"ix":3},"r":{"a":0,"k":0,"ix":6},"o":{"a":0,"k":100,"ix":7},"sk":{"a":0,"k":0,"ix":4},"sa":{"a":0,"k":0,"ix":5},"nm":"Transform"}],"nm":"Group 3","np":2,"cix":2,"bm":0,"ix":3,"mn":"ADBE Vector Group","hd":false},{"ty":"gr","it":[{"ind":0,"ty":"sh","ix":1,"ks":{"a":0,"k":{"i":[[0.912,0.696],[4.628,0.449],[2.296,-0.299],[0.172,-0.821],[-0.736,-0.341],[-0.481,0.048],[-2.315,-0.319],[-2.792,-5.735],[-0.363,-1.726],[0.451,-3.055],[-1.161,-0.171],[-0.096,1.46],[0.046,1.898],[4.65,4.933]],"o":[[-3.715,-2.835],[-2.303,-0.224],[-0.89,0.116],[-0.168,0.8],[0.435,0.202],[2.325,-0.23],[6.814,0.94],[0.723,1.486],[0.636,3.028],[-0.198,1.345],[0.942,0.14],[0.124,-1.902],[-0.149,-6.194],[-0.477,-0.409]],"v":[[6.131,-10.666],[-6.46,-15.421],[-13.359,-15.296],[-15.051,-13.766],[-14.154,-11.742],[-12.688,-11.499],[-5.735,-11.432],[9.21,-0.931],[10.848,3.895],[11.008,13.024],[12.611,15.505],[14.843,13.548],[15.174,7.842],[8.357,-8.768]],"c":true},"ix":2},"nm":"Path 1","mn":"ADBE Vector Shape - Group","hd":false},{"ty":"fl","c":{"a":0,"k":[0.239215686917,0.247058823705,0.250980407,1],"ix":4},"o":{"a":0,"k":100,"ix":5},"r":1,"bm":0,"nm":"Fill 1","mn":"ADBE Vector Graphic - Fill","hd":false},{"ty":"tr","p":{"a":0,"k":[34.38,32.525],"ix":2},"a":{"a":0,"k":[0,0],"ix":1},"s":{"a":0,"k":[100,100],"ix":3},"r":{"a":0,"k":0,"ix":6},"o":{"a":0,"k":100,"ix":7},"sk":{"a":0,"k":0,"ix":4},"sa":{"a":0,"k":0,"ix":5},"nm":"Transform"}],"nm":"Group 4","np":2,"cix":2,"bm":0,"ix":4,"mn":"ADBE Vector Group","hd":false},{"ty":"gr","it":[{"ind":0,"ty":"sh","ix":1,"ks":{"a":0,"k":{"i":[[0.235,-0.583],[0.469,-0.394],[0.615,-0.364],[0,0],[0.287,-0.045],[0,0],[-0.78,1.219],[0,0],[0,0]],"o":[[-0.24,0.595],[-0.541,0.454],[0,0],[-0.233,0.136],[0,0],[1.253,-0.834],[0,0],[0,0],[0.63,0.207]],"v":[[30.039,-12.851],[29.043,-11.197],[27.281,-9.999],[26.355,-9.46],[25.503,-9.311],[25.491,-9.509],[28.352,-12.742],[28.997,-13.76],[29.272,-14.182]],"c":true},"ix":2},"nm":"Path 1","mn":"ADBE Vector Shape - Group","hd":false},{"ind":1,"ty":"sh","ix":2,"ks":{"a":0,"k":{"i":[[0.274,0.023],[1.641,0.299],[0.528,0.376],[0,0],[0,0],[-0.841,-0.095],[0,0],[-0.966,1.455],[0,0],[-0.658,-0.334],[0,0],[0,0],[0.279,-0.402],[0.732,-0.904]],"o":[[-1.667,-0.136],[-0.576,-0.104],[0,0],[0,0],[0.845,0.065],[0,0],[1.764,0.141],[0,0],[0.59,-0.833],[0,0],[0,0],[0.441,0.242],[-0.663,0.957],[-0.169,0.21]],"v":[[24.557,-10.915],[19.573,-11.464],[17.984,-12.548],[18.074,-12.761],[18.604,-12.717],[21.138,-12.518],[21.31,-12.501],[25.333,-14.594],[25.395,-14.689],[26.733,-15.316],[26.891,-15.234],[27.155,-15.09],[27.477,-14.061],[25.395,-11.259]],"c":true},"ix":2},"nm":"Path 2","mn":"ADBE Vector Shape - Group","hd":false},{"ind":2,"ty":"sh","ix":3,"ks":{"a":0,"k":{"i":[[0.196,-0.973],[3.674,-5.092],[4.952,-3.512],[7.075,-1.002],[3.279,0.916],[1.41,7.137],[-1.29,4.331],[-4.124,4.935],[-6.493,3.351],[-5.578,0.25],[-3.608,-2.124],[-1.09,-0.831],[-0.209,-0.215],[0.859,-0.67],[0.231,0.002],[3.973,0.07],[0.025,-1.818],[0,0],[-1.897,-0.027],[-4.236,-0.095],[0,0],[-0.536,0.768],[-0.771,-0.211],[-0.882,-0.134]],"o":[[-1.25,6.2],[-3.553,4.925],[-5.772,4.095],[-3.35,0.474],[-7.029,-1.964],[-0.886,-4.483],[1.846,-6.191],[4.676,-5.596],[4.918,-2.538],[4.121,-0.184],[1.173,0.692],[0.159,0.12],[-0.928,0.768],[-0.168,0.132],[-3.973,-0.055],[-1.816,-0.033],[0,0],[-0.029,1.894],[4.237,0.06],[0,0],[0.977,0.01],[0.821,0.334],[0.775,0.212],[-0.159,0.997]],"v":[[21.793,-6.587],[14.142,10.241],[1.372,22.902],[-17.754,30.925],[-27.732,30.451],[-40.388,16.729],[-39.415,3.505],[-30.258,-13.08],[-13.572,-26.597],[2.104,-31.072],[13.805,-28.512],[17.1,-26.054],[17.591,-25.553],[14.975,-23.406],[14.29,-23.248],[2.371,-23.434],[-0.414,-20.747],[-0.527,-13.008],[2.245,-10.181],[14.954,-9.968],[15.089,-9.966],[17.475,-10.859],[19.794,-9.941],[22.27,-9.544]],"c":true},"ix":2},"nm":"Path 3","mn":"ADBE Vector Shape - Group","hd":false},{"ind":3,"ty":"sh","ix":4,"ks":{"a":0,"k":{"i":[[0.57,-0.169],[1.756,-0.494],[0.069,-0.382],[-1.557,-0.68],[-1.252,0.061],[0,0],[0,0],[0.021,-0.524],[0.769,0.011],[2.747,0.044],[0,0],[0,0],[-0.011,0.842],[-0.044,2.691],[-0.795,-0.013],[-4.46,-0.088],[-0.215,-0.169]],"o":[[-1.749,0.519],[-0.387,0.109],[-0.306,1.669],[1.169,0.511],[0,0],[0,0],[-0.032,0.596],[-0.033,0.77],[-2.748,-0.038],[0,0],[0,0],[-0.848,-0.017],[0.034,-2.691],[0.013,-0.802],[4.46,0.07],[0.282,0.006],[0.473,0.37]],"v":[[16.16,-20.503],[10.909,-18.961],[10.297,-18.28],[12.224,-14.617],[15.88,-14.093],[16.036,-14.102],[16.639,-14.14],[16.555,-12.496],[15.435,-11.409],[7.191,-11.539],[4.624,-11.581],[2.056,-11.626],[0.906,-12.804],[1.023,-20.877],[2.171,-21.999],[15.549,-21.768],[16.379,-21.51]],"c":true},"ix":2},"nm":"Path 4","mn":"ADBE Vector Shape - Group","hd":false},{"ind":4,"ty":"sh","ix":5,"ks":{"a":0,"k":{"i":[[0,0],[-1.495,0.586],[-0.381,-0.048],[0.274,-0.402],[1.237,0.148],[0,0],[0.944,0.064]],"o":[[1.48,-0.626],[0.345,-0.135],[0.479,0.06],[-0.622,0.911],[0,0],[-0.942,-0.087],[0,0]],"v":[[18.118,-14.322],[22.564,-16.181],[23.727,-16.244],[24.086,-15.366],[21.487,-13.949],[20.922,-14.009],[18.089,-14.191]],"c":true},"ix":2},"nm":"Path 5","mn":"ADBE Vector Shape - Group","hd":false},{"ind":5,"ty":"sh","ix":6,"ks":{"a":0,"k":{"i":[[0.211,0.369],[0.387,-0.161],[0.213,-0.118],[1.049,-0.505],[1.194,-0.371],[0.512,0.043],[0,0],[-0.033,0.144],[-0.15,0.141],[0,0],[-0.111,0.014],[-0.002,0.414],[0.404,0.027],[1.137,0.446],[0,0],[1.041,0.321],[1.033,-0.526],[0,0],[0.291,-0.124],[0,0],[1.582,0.129],[0.636,0.214],[0.141,0.535],[-0.442,0.132],[-4.595,1.382],[-0.082,0.124],[0.057,0.241],[0.253,0.098],[0.179,-0.054],[0,0],[0,0],[0,0],[0,0],[0,0],[-0.583,0.579],[-2.17,-0.344],[-0.183,-0.042],[-3.148,-0.751],[-2.212,-0.543],[-0.078,0.474],[0.621,0.132],[0.564,0.147],[3.504,0.803],[1.731,0.187],[0,0],[1.144,-0.926],[0.215,0.207],[0.525,0.427],[4.247,0.309],[5.26,-2.243],[5.343,-5.945],[2.226,-5.584],[-0.473,-5.314],[-3.68,-3.415],[-4.862,-0.27],[-4.742,1.924],[-6.3,9.699],[-0.8,6.303],[0,0],[0,0],[0,0],[0,0],[-0.865,0.37],[-1.085,1.373],[-0.118,-0.046],[-1.296,0.377],[-2.326,1.183]],"o":[[-0.206,-0.361],[-0.225,0.094],[-1.018,0.569],[-1.13,0.543],[-0.462,0.144],[0,0],[-0.189,-0.016],[0.041,-0.169],[0,0],[0.064,-0.06],[0.413,-0.054],[0.002,-0.417],[-1.248,-0.087],[0,0],[-1.016,-0.397],[-1.08,-0.334],[0,0],[-0.287,0.135],[0,0],[-1.464,0.619],[-0.664,-0.054],[-0.497,-0.166],[-0.104,-0.392],[4.6,-1.363],[0.18,-0.055],[0.159,-0.241],[-0.049,-0.205],[-0.145,-0.055],[0,0],[0,0],[0,0],[0,0],[0,0],[0.575,-0.488],[1.612,-1.601],[0.186,0.03],[3.155,0.721],[2.216,0.528],[0.65,0.16],[0.076,-0.453],[-0.57,-0.121],[-3.48,-0.909],[-1.689,-0.387],[0,0],[-1.414,-0.142],[-0.245,0.198],[-0.487,-0.472],[-3.353,-2.723],[-5.766,-0.419],[-7.376,3.147],[-4.011,4.461],[-1.955,4.905],[0.438,4.917],[3.636,3.376],[5.154,0.286],[10.769,-4.373],[3.433,-5.287],[0,0],[0,0],[0,0],[0,0],[0.659,0.7],[1.57,-0.669],[0.084,-0.106],[1.296,0.498],[2.545,-0.741],[0.36,-0.183]],"v":[[42.341,-15.468],[41.419,-15.767],[40.759,-15.449],[37.702,-13.748],[34.217,-12.326],[32.721,-12.243],[32.215,-12.289],[31.729,-12.83],[32.056,-13.291],[32.279,-13.497],[32.608,-13.527],[33.276,-14.232],[32.612,-14.941],[29.077,-15.867],[27.658,-16.432],[24.579,-17.542],[22.154,-18.788],[20.974,-17.069],[20.105,-16.684],[19.232,-16.315],[14.654,-15.539],[12.689,-15.996],[11.708,-17.088],[12.13,-17.822],[25.919,-21.955],[26.435,-22.152],[26.717,-22.969],[26.06,-23.445],[25.518,-23.331],[18.708,-21.275],[18.517,-21.223],[18.133,-21.13],[18.228,-21.274],[16.932,-23.116],[18.755,-24.677],[24.477,-26.34],[25.036,-26.271],[34.499,-24.091],[41.126,-22.423],[42.232,-22.952],[41.414,-23.821],[39.706,-24.203],[29.263,-26.913],[24.112,-27.715],[22.961,-27.834],[19.04,-26.7],[18.417,-26.751],[16.911,-28.12],[5.401,-32.42],[-11.091,-29.32],[-30.05,-15.503],[-39.511,-0.496],[-42.079,14.79],[-36.198,27.455],[-23.28,32.553],[-8.448,29.876],[17.003,8.536],[23.568,-8.791],[23.598,-8.94],[23.672,-9.221],[24.087,-8.793],[24.335,-8.535],[26.654,-8.032],[30.767,-10.914],[31.219,-11.059],[35.1,-11.039],[42.099,-14.54]],"c":true},"ix":2},"nm":"Path 6","mn":"ADBE Vector Shape - Group","hd":false},{"ty":"mm","mm":1,"nm":"Merge Paths 1","mn":"ADBE Vector Filter - Merge","hd":false},{"ty":"fl","c":{"a":0,"k":[0.239215686917,0.247058823705,0.250980407,1],"ix":4},"o":{"a":0,"k":100,"ix":5},"r":1,"bm":0,"nm":"Fill 1","mn":"ADBE Vector Graphic - Fill","hd":false},{"ty":"tr","p":{"a":0,"k":[42.802,33.089],"ix":2},"a":{"a":0,"k":[0,0],"ix":1},"s":{"a":0,"k":[100,100],"ix":3},"r":{"a":0,"k":0,"ix":6},"o":{"a":0,"k":100,"ix":7},"sk":{"a":0,"k":0,"ix":4},"sa":{"a":0,"k":0,"ix":5},"nm":"Transform"}],"nm":"Group 5","np":8,"cix":2,"bm":0,"ix":5,"mn":"ADBE Vector Group","hd":false}],"ip":0,"op":1202,"st":0,"bm":0},{"ddd":0,"ind":13,"ty":4,"nm":"manoTelefono_logoMastercard Outlines","parent":14,"sr":1,"ks":{"o":{"a":0,"k":100,"ix":11},"r":{"a":0,"k":0,"ix":10},"p":{"a":0,"k":[33.17,36.409,0],"ix":2,"l":2},"a":{"a":0,"k":[10.164,10.164,0],"ix":1,"l":2},"s":{"a":0,"k":[100,100,100],"ix":6,"l":2}},"ao":0,"shapes":[{"ty":"gr","it":[{"ind":0,"ty":"sh","ix":1,"ks":{"a":0,"k":{"i":[[-0.847,-2.441],[1.825,-1.824],[2.44,0.847],[0.308,2.564],[-1.462,1.462],[0.248,2.054]],"o":[[0.847,2.441],[-1.824,1.824],[-2.441,-0.846],[2.053,0.248],[1.461,-1.462],[2.564,0.309]],"v":[[6.11,-2.461],[4.51,4.511],[-2.462,6.109],[-6.956,0.535],[-1.387,-1.387],[0.535,-6.956]],"c":true},"ix":2},"nm":"Path 1","mn":"ADBE Vector Shape - Group","hd":false},{"ty":"fl","c":{"a":0,"k":[0.960784373564,0.61568627451,0.117647066303,1],"ix":4},"o":{"a":0,"k":100,"ix":5},"r":1,"bm":0,"nm":"Fill 1","mn":"ADBE Vector Graphic - Fill","hd":false},{"ty":"tr","p":{"a":0,"k":[13.122,13.121],"ix":2},"a":{"a":0,"k":[0,0],"ix":1},"s":{"a":0,"k":[100,100],"ix":3},"r":{"a":0,"k":0,"ix":6},"o":{"a":0,"k":100,"ix":7},"sk":{"a":0,"k":0,"ix":4},"sa":{"a":0,"k":0,"ix":5},"nm":"Transform"}],"nm":"Group 1","np":2,"cix":2,"bm":0,"ix":1,"mn":"ADBE Vector Group","hd":false},{"ty":"gr","it":[{"ind":0,"ty":"sh","ix":1,"ks":{"a":0,"k":{"i":[[-1.463,1.46],[-2.054,-0.249],[3.513,-0.136],[0.136,-3.514],[-3.491,-0.422]],"o":[[1.461,-1.463],[-0.422,-3.492],[-3.514,0.137],[-0.137,3.514],[-0.249,-2.055]],"v":[[1.217,1.215],[6.786,-0.708],[-0.184,-6.65],[-6.648,-0.185],[-0.708,6.786]],"c":true},"ix":2},"nm":"Path 1","mn":"ADBE Vector Shape - Group","hd":false},{"ty":"fl","c":{"a":0,"k":[0.913725550034,0.113725497676,0.145098039216,1],"ix":4},"o":{"a":0,"k":100,"ix":5},"r":1,"bm":0,"nm":"Fill 1","mn":"ADBE Vector Graphic - Fill","hd":false},{"ty":"tr","p":{"a":0,"k":[7.035,7.036],"ix":2},"a":{"a":0,"k":[0,0],"ix":1},"s":{"a":0,"k":[100,100],"ix":3},"r":{"a":0,"k":0,"ix":6},"o":{"a":0,"k":100,"ix":7},"sk":{"a":0,"k":0,"ix":4},"sa":{"a":0,"k":0,"ix":5},"nm":"Transform"}],"nm":"Group 2","np":2,"cix":2,"bm":0,"ix":2,"mn":"ADBE Vector Group","hd":false},{"ty":"gr","it":[{"ind":0,"ty":"sh","ix":1,"ks":{"a":0,"k":{"i":[[0,0],[0,0],[0,0],[0,0]],"o":[[0,0],[0,0],[0,0],[0,0]],"v":[[1.644,-5.751],[5.751,-1.643],[-1.643,5.751],[-5.751,1.644]],"c":true},"ix":2},"nm":"Path 1","mn":"ADBE Vector Shape - Group","hd":false},{"ty":"fl","c":{"a":0,"k":[0.941176530427,0.376470618154,0.133333333333,1],"ix":4},"o":{"a":0,"k":100,"ix":5},"r":1,"bm":0,"nm":"Fill 1","mn":"ADBE Vector Graphic - Fill","hd":false},{"ty":"tr","p":{"a":0,"k":[10.074,9.91],"ix":2},"a":{"a":0,"k":[0,0],"ix":1},"s":{"a":0,"k":[100,100],"ix":3},"r":{"a":0,"k":0,"ix":6},"o":{"a":0,"k":100,"ix":7},"sk":{"a":0,"k":0,"ix":4},"sa":{"a":0,"k":0,"ix":5},"nm":"Transform"}],"nm":"Group 3","np":2,"cix":2,"bm":0,"ix":3,"mn":"ADBE Vector Group","hd":false}],"ip":0,"op":1202,"st":0,"bm":0},{"ddd":0,"ind":14,"ty":4,"nm":"manoTelefono_logoVisa Outlines","parent":15,"sr":1,"ks":{"o":{"a":0,"k":100,"ix":11},"r":{"a":0,"k":0,"ix":10},"p":{"a":0,"k":[45.694,108.383,0],"ix":2,"l":2},"a":{"a":0,"k":[9.728,11.693,0],"ix":1,"l":2},"s":{"a":0,"k":[100,100,100],"ix":6,"l":2}},"ao":0,"shapes":[{"ty":"gr","it":[{"ind":0,"ty":"sh","ix":1,"ks":{"a":0,"k":{"i":[[0.301,0.328],[0,0],[0,0],[0.852,-1.852],[0,0]],"o":[[0,0],[0,0],[1.345,2.277],[0,0],[0.262,-0.448]],"v":[[1.009,-0.944],[-1.321,-3.274],[-1.455,-3.175],[-0.882,3.274],[1.193,0.191]],"c":true},"ix":2},"nm":"Path 1","mn":"ADBE Vector Shape - Group","hd":false},{"ty":"fl","c":{"a":0,"k":[0.976470648074,0.650980392157,0.105882360421,1],"ix":4},"o":{"a":0,"k":100,"ix":5},"r":1,"bm":0,"nm":"Fill 1","mn":"ADBE Vector Graphic - Fill","hd":false},{"ty":"tr","p":{"a":0,"k":[4.28,3.524],"ix":2},"a":{"a":0,"k":[0,0],"ix":1},"s":{"a":0,"k":[100,100],"ix":3},"r":{"a":0,"k":0,"ix":6},"o":{"a":0,"k":100,"ix":7},"sk":{"a":0,"k":0,"ix":4},"sa":{"a":0,"k":0,"ix":5},"nm":"Transform"}],"nm":"Group 1","np":2,"cix":2,"bm":0,"ix":1,"mn":"ADBE Vector Group","hd":false},{"ty":"gr","it":[{"ind":0,"ty":"sh","ix":1,"ks":{"a":0,"k":{"i":[[0,0],[0,0],[0,0],[0,0],[0,0],[-0.002,0],[0,0],[0,0]],"o":[[0,0],[0,0],[0,0],[0,0],[-0.004,0.001],[0,0],[0,0],[0,0]],"v":[[6.628,4.771],[7.009,4.202],[6.91,4.25],[6.805,4.302],[6.3,4.542],[6.297,4.544],[4.201,5.523],[5.36,6.683]],"c":true},"ix":2},"nm":"Path 1","mn":"ADBE Vector Shape - Group","hd":false},{"ind":1,"ty":"sh","ix":2,"ks":{"a":0,"k":{"i":[[0,0],[0,0],[0,0],[0,0],[0.589,-1.14],[0,0],[0,0],[0,0]],"o":[[0,0],[0,0],[0,0],[0.417,1.357],[0,0],[0,0],[0,0],[0,0]],"v":[[-0.222,-5.989],[-7.967,-2.743],[-9.478,-4.253],[-5.939,-10.348],[-6.232,-6.131],[-6.271,-6.059],[-6.885,-5.147],[-1.736,-7.503]],"c":true},"ix":2},"nm":"Path 2","mn":"ADBE Vector Shape - Group","hd":false},{"ind":2,"ty":"sh","ix":3,"ks":{"a":0,"k":{"i":[[0,0],[0,0],[0,0],[0,0],[0,0],[0,0],[0,0],[0,0],[0,0],[0,0],[-0.325,-0.311],[0,0]],"o":[[0,0],[0,0],[0,0],[0,0],[0,0],[0,0],[0,0],[0,0],[0,0],[0.49,-0.208],[0,0],[0,0]],"v":[[9.478,3.709],[5.123,10.348],[3.822,9.046],[4.386,8.188],[4.474,8.051],[2.682,6.251],[2.546,6.314],[1.559,6.783],[0.085,5.31],[7.203,2.349],[8.36,2.592],[8.395,2.626]],"c":true},"ix":2},"nm":"Path 3","mn":"ADBE Vector Shape - Group","hd":false},{"ind":3,"ty":"sh","ix":4,"ks":{"a":0,"k":{"i":[[-1.407,-1.407],[-0.173,-0.389],[0,0],[0,0],[0,0],[0.472,0.463],[0.229,-0.229],[-0.116,-0.431],[0,0],[0,0],[0,0],[0.629,-0.619],[1.499,1.5],[0.195,0.485],[0,0],[0,0],[0,0],[-0.568,-0.569],[-0.373,0.364],[0.141,0.513],[0,0],[0,0],[0,0],[0,0],[0,0],[0,0],[0.006,0.018],[0,0],[0.01,0.038],[0,0],[-0.586,0.573]],"o":[[0.528,0.528],[0,0],[0,0],[0,0],[-0.149,-0.375],[-0.56,-0.56],[-0.191,0.184],[0,0],[0,0],[0,0],[0.433,1.212],[-1.148,1.122],[-0.611,-0.619],[0,0],[0,0],[0,0],[0.263,0.671],[0.407,0.406],[0.196,-0.189],[0,0],[0,0],[0,0],[0,0],[0,0],[0,0],[-0.006,-0.018],[0,0],[-0.011,-0.037],[0,0],[-0.15,-0.689],[1.07,-1.052]],"v":[[4.763,-1.311],[5.788,0.145],[5.81,0.195],[4.431,1.19],[4.364,1.002],[3.51,-0.276],[2.221,-0.622],[2.166,0.288],[2.198,0.404],[2.255,0.589],[2.34,0.858],[2.052,3.542],[-2.299,2.926],[-3.575,1.102],[-3.596,1.049],[-2.168,0.024],[-2.071,0.295],[-1.016,1.923],[0.371,2.242],[0.455,1.276],[0.421,1.158],[0.382,1.031],[0.337,0.895],[0.277,0.723],[0.244,0.62],[0.21,0.514],[0.194,0.46],[0.164,0.35],[0.135,0.238],[0.108,0.124],[0.548,-1.913]],"c":true},"ix":2},"nm":"Path 4","mn":"ADBE Vector Shape - Group","hd":false},{"ind":4,"ty":"sh","ix":5,"ks":{"a":0,"k":{"i":[[0,0],[0,0],[0,0],[0,0]],"o":[[0,0],[0,0],[0,0],[0,0]],"v":[[1.611,-4.157],[-4.768,0.458],[-6.176,-0.951],[0.203,-5.565]],"c":true},"ix":2},"nm":"Path 5","mn":"ADBE Vector Shape - Group","hd":false},{"ty":"mm","mm":1,"nm":"Merge Paths 1","mn":"ADBE Vector Filter - Merge","hd":false},{"ty":"fl","c":{"a":0,"k":[0,0.380392186782,0.650980392157,1],"ix":4},"o":{"a":0,"k":100,"ix":5},"r":1,"bm":0,"nm":"Fill 1","mn":"ADBE Vector Graphic - Fill","hd":false},{"ty":"tr","p":{"a":0,"k":[9.728,12.787],"ix":2},"a":{"a":0,"k":[0,0],"ix":1},"s":{"a":0,"k":[100,100],"ix":3},"r":{"a":0,"k":0,"ix":6},"o":{"a":0,"k":100,"ix":7},"sk":{"a":0,"k":0,"ix":4},"sa":{"a":0,"k":0,"ix":5},"nm":"Transform"}],"nm":"Group 2","np":7,"cix":2,"bm":0,"ix":2,"mn":"ADBE Vector Group","hd":false}],"ip":0,"op":1202,"st":0,"bm":0},{"ddd":0,"ind":15,"ty":4,"nm":"manoTelefono_pantallaTelefono Outlines","parent":16,"sr":1,"ks":{"o":{"a":0,"k":100,"ix":11},"r":{"a":0,"k":0,"ix":10},"p":{"a":0,"k":[92.194,91.562,0],"ix":2,"l":2},"a":{"a":0,"k":[88.997,83.909,0],"ix":1,"l":2},"s":{"a":0,"k":[100,100,100],"ix":6,"l":2}},"ao":0,"shapes":[{"ty":"gr","it":[{"ind":0,"ty":"sh","ix":1,"ks":{"a":0,"k":{"i":[[0,0],[-2.267,1.919],[-5.406,-5.58],[-5.233,-6.104],[3.662,-4.012],[5.756,-6.104],[3.662,3.415],[0,0]],"o":[[0,0],[2.267,-1.918],[5.406,5.581],[5.231,6.104],[-3.663,4.011],[-5.754,6.104],[-3.663,-3.416],[0,0]],"v":[[-40.857,-16.013],[27.813,-81.258],[44.444,-81.67],[87.955,-37.438],[87.955,-20.521],[-14.823,80.462],[-29.279,84.122],[-90.989,26.796]],"c":true},"ix":2},"nm":"Path 1","mn":"ADBE Vector Shape - Group","hd":false},{"ty":"fl","c":{"a":0,"k":[1,1,1,1],"ix":4},"o":{"a":0,"k":100,"ix":5},"r":1,"bm":0,"nm":"Fill 1","mn":"ADBE Vector Graphic - Fill","hd":false},{"ty":"tr","p":{"a":0,"k":[88.997,83.909],"ix":2},"a":{"a":0,"k":[0,0],"ix":1},"s":{"a":0,"k":[100,100],"ix":3},"r":{"a":0,"k":0,"ix":6},"o":{"a":0,"k":100,"ix":7},"sk":{"a":0,"k":0,"ix":4},"sa":{"a":0,"k":0,"ix":5},"nm":"Transform"}],"nm":"Group 1","np":2,"cix":2,"bm":0,"ix":1,"mn":"ADBE Vector Group","hd":false}],"ip":0,"op":1202,"st":0,"bm":0},{"ddd":0,"ind":16,"ty":4,"nm":"manoTelefono_frameTelefono Outlines","parent":17,"sr":1,"ks":{"o":{"a":0,"k":100,"ix":11},"r":{"a":0,"k":0,"ix":10},"p":{"a":0,"k":[147.3,-83.435,0],"ix":2,"l":2},"a":{"a":0,"k":[94.745,90.481,0],"ix":1,"l":2},"s":{"a":0,"k":[100,100,100],"ix":6,"l":2}},"ao":0,"shapes":[{"ty":"gr","it":[{"ind":0,"ty":"sh","ix":1,"ks":{"a":0,"k":{"i":[[0,0],[-3.353,-2.859],[-5.146,0.462],[0,0],[-10.52,10.655],[6.262,6.87],[8.363,8.346],[0,0],[2.864,-2.482],[0,0]],"o":[[0,0],[3.355,2.858],[5.146,-0.462],[0,0],[10.604,-10.741],[-6.263,-6.87],[-8.364,-8.345],[-6.868,-5.122],[-2.863,2.481],[0,0]],"v":[[-94.495,30.205],[-36.549,85.684],[-26.257,89.77],[-18.561,86.367],[84.325,-14.097],[86.312,-40.706],[49.288,-77.251],[40.962,-85.11],[23.672,-83.568],[-0.861,-60.17]],"c":true},"ix":2},"nm":"Path 1","mn":"ADBE Vector Shape - Group","hd":false},{"ty":"fl","c":{"a":0,"k":[0.239215701234,0.247058838489,0.250980392157,1],"ix":4},"o":{"a":0,"k":100,"ix":5},"r":1,"bm":0,"nm":"Fill 1","mn":"ADBE Vector Graphic - Fill","hd":false},{"ty":"tr","p":{"a":0,"k":[94.745,90.482],"ix":2},"a":{"a":0,"k":[0,0],"ix":1},"s":{"a":0,"k":[100,100],"ix":3},"r":{"a":0,"k":0,"ix":6},"o":{"a":0,"k":100,"ix":7},"sk":{"a":0,"k":0,"ix":4},"sa":{"a":0,"k":0,"ix":5},"nm":"Transform"}],"nm":"Group 1","np":2,"cix":2,"bm":0,"ix":1,"mn":"ADBE Vector Group","hd":false}],"ip":0,"op":1202,"st":0,"bm":0},{"ddd":0,"ind":17,"ty":4,"nm":"manoTelefono_mangaBlanca Outlines","parent":18,"sr":1,"ks":{"o":{"a":0,"k":100,"ix":11},"r":{"a":0,"k":0,"ix":10},"p":{"a":0,"k":[39.938,39.831,0],"ix":2,"l":2},"a":{"a":0,"k":[33.387,33.309,0],"ix":1,"l":2},"s":{"a":0,"k":[100,100,100],"ix":6,"l":2}},"ao":0,"shapes":[{"ty":"gr","it":[{"ind":0,"ty":"sh","ix":1,"ks":{"a":0,"k":{"i":[[1.815,1.754],[0,0],[-1.753,1.816],[0,0],[-1.816,-1.754],[0,0],[1.753,-1.815],[0,0]],"o":[[0,0],[-1.816,-1.753],[0,0],[1.753,-1.816],[0,0],[1.816,1.752],[0,0],[-1.754,1.815]],"v":[[10.363,31.304],[-31.271,-10.368],[-31.384,-16.829],[-16.825,-31.193],[-10.363,-31.305],[31.271,10.367],[31.384,16.828],[16.825,31.192]],"c":true},"ix":2},"nm":"Path 1","mn":"ADBE Vector Shape - Group","hd":false},{"ty":"fl","c":{"a":0,"k":[1,1,1,1],"ix":4},"o":{"a":0,"k":100,"ix":5},"r":1,"bm":0,"nm":"Fill 1","mn":"ADBE Vector Graphic - Fill","hd":false},{"ty":"tr","p":{"a":0,"k":[33.387,33.309],"ix":2},"a":{"a":0,"k":[0,0],"ix":1},"s":{"a":0,"k":[100,100],"ix":3},"r":{"a":0,"k":0,"ix":6},"o":{"a":0,"k":100,"ix":7},"sk":{"a":0,"k":0,"ix":4},"sa":{"a":0,"k":0,"ix":5},"nm":"Transform"}],"nm":"Group 1","np":2,"cix":2,"bm":0,"ix":1,"mn":"ADBE Vector Group","hd":false}],"ip":0,"op":1202,"st":0,"bm":0},{"ddd":0,"ind":18,"ty":4,"nm":"manoTelefono_mangaGris Outlines","parent":19,"sr":1,"ks":{"o":{"a":0,"k":100,"ix":11},"r":{"a":0,"k":0,"ix":10},"p":{"a":0,"k":[7.511,82.714,0],"ix":2,"l":2},"a":{"a":0,"k":[40.219,40.111,0],"ix":1,"l":2},"s":{"a":0,"k":[100,100,100],"ix":6,"l":2}},"ao":0,"shapes":[{"ty":"gr","it":[{"ind":0,"ty":"sh","ix":1,"ks":{"a":0,"k":{"i":[[2.482,2.396],[0,0],[-2.397,2.483],[0,0],[-2.483,-2.397],[0,0],[2.398,-2.482],[0,0]],"o":[[0,0],[-2.482,-2.397],[0,0],[2.398,-2.483],[0,0],[2.482,2.398],[0,0],[-2.397,2.482]],"v":[[8.829,37.464],[-37.418,-8.835],[-37.572,-17.671],[-17.666,-37.309],[-8.83,-37.464],[37.417,8.835],[37.571,17.671],[17.664,37.311]],"c":true},"ix":2},"nm":"Path 1","mn":"ADBE Vector Shape - Group","hd":false},{"ty":"fl","c":{"a":0,"k":[0.803921628466,0.827451040231,0.84313731474,1],"ix":4},"o":{"a":0,"k":100,"ix":5},"r":1,"bm":0,"nm":"Fill 1","mn":"ADBE Vector Graphic - Fill","hd":false},{"ty":"tr","p":{"a":0,"k":[40.219,40.111],"ix":2},"a":{"a":0,"k":[0,0],"ix":1},"s":{"a":0,"k":[100,100],"ix":3},"r":{"a":0,"k":0,"ix":6},"o":{"a":0,"k":100,"ix":7},"sk":{"a":0,"k":0,"ix":4},"sa":{"a":0,"k":0,"ix":5},"nm":"Transform"}],"nm":"Group 1","np":2,"cix":2,"bm":0,"ix":1,"mn":"ADBE Vector Group","hd":false}],"ip":0,"op":1202,"st":0,"bm":0},{"ddd":0,"ind":19,"ty":4,"nm":"manoTelefono_palma Outlines","parent":20,"sr":1,"ks":{"o":{"a":0,"k":100,"ix":11},"r":{"a":0,"k":0,"ix":10},"p":{"a":0,"k":[80.792,165.886,0],"ix":2,"l":2},"a":{"a":0,"k":[73.96,43.604,0],"ix":1,"l":2},"s":{"a":0,"k":[100,100,100],"ix":6,"l":2}},"ao":0,"shapes":[{"ty":"gr","it":[{"ind":0,"ty":"sh","ix":1,"ks":{"a":0,"k":{"i":[[6.346,-9.024],[-5.498,-17.96],[2.077,-2.273],[0,0],[0,0],[-3.446,3.959],[-7.844,0],[0,0],[-6.085,6.304],[-2.712,2.492],[3.957,2.605],[4.178,-4.398],[2.126,-2.199],[5.571,3.665],[1.466,1.979],[1.613,-0.88],[2.053,-0.88],[0.733,0.953],[-2.053,1.612],[-2.786,0.587],[2.713,2.639],[4.271,5.111],[0,0]],"o":[[-1.432,2.036],[0,0],[-2.077,2.272],[0,0],[0,0],[3.445,-3.958],[0,0],[7.551,0],[6.084,-6.305],[2.713,-2.492],[-1.158,-0.762],[-4.178,4.399],[-2.125,2.2],[-5.571,-3.665],[-1.466,-1.98],[-1.613,0.88],[-2.052,0.879],[-0.733,-0.953],[2.052,-1.613],[2.785,-0.587],[-2.712,-2.639],[0,0],[0,0]],"v":[[-51.86,-34.33],[-57.803,-7.524],[-59.465,-4.152],[-73.71,9.703],[-40.794,43.354],[-28.111,30.451],[-10.885,24.148],[14.185,24.148],[30.826,16.524],[70.997,-24.235],[68.065,-33.032],[61.943,-29.143],[26.918,6.784],[10.454,6.243],[-11.386,-13.993],[-17.265,-12.729],[-25.109,-8.99],[-28.774,-9.357],[-27.894,-13.535],[-18.511,-17.567],[-19.753,-22.903],[-33.443,-35.862],[-41.303,-41.919]],"c":true},"ix":2},"nm":"Path 1","mn":"ADBE Vector Shape - Group","hd":false},{"ty":"fl","c":{"a":0,"k":[1,1,1,1],"ix":4},"o":{"a":0,"k":100,"ix":5},"r":1,"bm":0,"nm":"Fill 1","mn":"ADBE Vector Graphic - Fill","hd":false},{"ty":"tr","p":{"a":0,"k":[73.96,43.604],"ix":2},"a":{"a":0,"k":[0,0],"ix":1},"s":{"a":0,"k":[100,100],"ix":3},"r":{"a":0,"k":0,"ix":6},"o":{"a":0,"k":100,"ix":7},"sk":{"a":0,"k":0,"ix":4},"sa":{"a":0,"k":0,"ix":5},"nm":"Transform"}],"nm":"Group 1","np":2,"cix":2,"bm":0,"ix":1,"mn":"ADBE Vector Group","hd":false}],"ip":0,"op":1202,"st":0,"bm":0},{"ddd":0,"ind":20,"ty":4,"nm":"manoTelefono_siluetaMano Outlines","parent":21,"sr":1,"ks":{"o":{"a":0,"k":100,"ix":11},"r":{"a":0,"k":0,"ix":10},"p":{"a":0,"k":[199.043,-89.441,0],"ix":2,"l":2},"a":{"a":0,"k":[110.595,106.728,0],"ix":1,"l":2},"s":{"a":0,"k":[100,100,100],"ix":6,"l":2}},"ao":0,"shapes":[{"ty":"gr","it":[{"ind":0,"ty":"sh","ix":1,"ks":{"a":0,"k":{"i":[[1.417,3.374],[0.305,7.053],[-10.998,-3.913],[0,0],[-6.873,0],[0,0],[0.317,5.393],[-7.509,0.74],[-4.018,-8.883],[-1.798,3.066],[0,0],[-6.979,0.846],[-3.279,-3.49],[-3.278,-3.49],[4.739,-7.468],[0,0],[0,0],[0,0],[2.976,-5.5],[3.913,-4.336],[10.859,-0.105],[6.134,0],[3.913,-4.759],[3.055,-3.013],[1.545,1.541],[0,0],[0,0],[-12.584,12.901]],"o":[[-1.171,-2.789],[-0.37,-8.581],[0,0],[0,-5.604],[6.874,0],[0,0],[-0.318,-5.393],[7.507,-0.74],[0,0],[0,0],[0,0],[6.98,-0.846],[3.278,3.49],[3.279,3.489],[-4.229,6.663],[0,0],[0,0],[4.758,4.442],[0,0],[-3.913,4.336],[-10.859,0.107],[-6.134,0],[-2.532,3.08],[-1.553,1.533],[0,0],[0,0],[0,0],[0,0]],"v":[[-83.309,15.271],[-86.844,4.2],[-68.025,-10.423],[-68.025,-20.365],[-56.71,-33.053],[-48.462,-31.89],[-48.99,-42.042],[-37.146,-53.463],[-20.178,-43.524],[-17.049,-44.179],[10.397,-68.938],[49.873,-102.321],[62.727,-99.393],[104.866,-57.631],[105.607,-38.174],[68.914,-2.292],[39.668,21.358],[41.562,22.657],[46.258,37.037],[5.651,77.327],[-14.622,87.48],[-43.777,87.48],[-56.635,94.458],[-66.999,105.366],[-72.594,105.347],[-110.346,68.902],[-92.562,50.645],[-86.165,23.625]],"c":true},"ix":2},"nm":"Path 1","mn":"ADBE Vector Shape - Group","hd":false},{"ty":"fl","c":{"a":0,"k":[0.803921628466,0.827451040231,0.84313731474,1],"ix":4},"o":{"a":0,"k":100,"ix":5},"r":1,"bm":0,"nm":"Fill 1","mn":"ADBE Vector Graphic - Fill","hd":false},{"ty":"tr","p":{"a":0,"k":[110.595,106.727],"ix":2},"a":{"a":0,"k":[0,0],"ix":1},"s":{"a":0,"k":[100,100],"ix":3},"r":{"a":0,"k":0,"ix":6},"o":{"a":0,"k":100,"ix":7},"sk":{"a":0,"k":0,"ix":4},"sa":{"a":0,"k":0,"ix":5},"nm":"Transform"}],"nm":"Group 1","np":2,"cix":2,"bm":0,"ix":1,"mn":"ADBE Vector Group","hd":false}],"ip":0,"op":1202,"st":0,"bm":0},{"ddd":0,"ind":21,"ty":4,"nm":"manoTelefono_brazoBlanco Outlines","parent":22,"sr":1,"ks":{"o":{"a":0,"k":100,"ix":11},"r":{"a":0,"k":0,"ix":10},"p":{"a":0,"k":[64.838,61.547,0],"ix":2,"l":2},"a":{"a":0,"k":[56.151,55.225,0],"ix":1,"l":2},"s":{"a":0,"k":[100,100,100],"ix":6,"l":2}},"ao":0,"shapes":[{"ty":"gr","it":[{"ind":0,"ty":"sh","ix":1,"ks":{"a":0,"k":{"i":[[1.27,1.227],[0,0],[-1.226,1.27],[0,0],[-1.271,-1.227],[0,0],[1.227,-1.27],[0,0]],"o":[[0,0],[-1.27,-1.227],[0,0],[1.227,-1.271],[0,0],[1.27,1.226],[0,0],[-1.226,1.27]],"v":[[-23.12,53.747],[-54.596,22.245],[-54.675,17.725],[18.598,-53.669],[23.12,-53.748],[54.595,-22.245],[54.674,-17.725],[-18.599,53.669]],"c":true},"ix":2},"nm":"Path 1","mn":"ADBE Vector Shape - Group","hd":false},{"ty":"fl","c":{"a":0,"k":[1,1,1,1],"ix":4},"o":{"a":0,"k":100,"ix":5},"r":1,"bm":0,"nm":"Fill 1","mn":"ADBE Vector Graphic - Fill","hd":false},{"ty":"tr","p":{"a":0,"k":[56.151,55.225],"ix":2},"a":{"a":0,"k":[0,0],"ix":1},"s":{"a":0,"k":[100,100],"ix":3},"r":{"a":0,"k":0,"ix":6},"o":{"a":0,"k":100,"ix":7},"sk":{"a":0,"k":0,"ix":4},"sa":{"a":0,"k":0,"ix":5},"nm":"Transform"}],"nm":"Group 1","np":2,"cix":2,"bm":0,"ix":1,"mn":"ADBE Vector Group","hd":false}],"ip":0,"op":1202,"st":0,"bm":0},{"ddd":0,"ind":22,"ty":4,"nm":"manoTelefono_brazoSilueta Outlines","sr":1,"ks":{"o":{"a":0,"k":100,"ix":11},"r":{"a":1,"k":[{"i":{"x":[0.833],"y":[0.833]},"o":{"x":[0.773],"y":[0.035]},"t":0,"s":[44.776]},{"i":{"x":[0.833],"y":[0.833]},"o":{"x":[0.167],"y":[0.167]},"t":47,"s":[7.297]},{"i":{"x":[0.833],"y":[0.833]},"o":{"x":[0.167],"y":[0.167]},"t":221,"s":[7.3]},{"i":{"x":[0.833],"y":[0.833]},"o":{"x":[0.167],"y":[0.167]},"t":364,"s":[7.3]},{"i":{"x":[0.833],"y":[0.833]},"o":{"x":[0.167],"y":[0.167]},"t":514,"s":[7.3]},{"i":{"x":[0.833],"y":[0.833]},"o":{"x":[0.167],"y":[0.167]},"t":651,"s":[7.3]},{"i":{"x":[0.833],"y":[0.833]},"o":{"x":[0.167],"y":[0.167]},"t":805,"s":[7.3]},{"i":{"x":[0.807],"y":[1]},"o":{"x":[0.167],"y":[0.167]},"t":974,"s":[7.3]},{"i":{"x":[0.833],"y":[1]},"o":{"x":[0.167],"y":[0]},"t":1043,"s":[7.297]},{"t":1082,"s":[-13.703]}],"ix":10},"p":{"a":1,"k":[{"i":{"x":0.718,"y":0.887},"o":{"x":0.662,"y":0.771},"t":0,"s":[-293.48,490.057,0],"to":[51.413,-32.833,0],"ti":[0,0,0]},{"i":{"x":0.667,"y":0.667},"o":{"x":0,"y":0},"t":47,"s":[15,293.057,0],"to":[0,0,0],"ti":[0,0,0]},{"i":{"x":0.667,"y":1},"o":{"x":0.333,"y":0},"t":91,"s":[15,293.057,0],"to":[0,0,0],"ti":[0,0,0]},{"i":{"x":0.667,"y":1},"o":{"x":0.333,"y":0},"t":143,"s":[25.52,293.057,0],"to":[0,0,0],"ti":[0,0,0]},{"i":{"x":0.667,"y":1},"o":{"x":0.186,"y":0},"t":1043,"s":[25.5,293.057,0],"to":[0,0,0],"ti":[0,0,0]},{"i":{"x":0.667,"y":0.667},"o":{"x":0.167,"y":0.167},"t":1082,"s":[32.52,332.057,0],"to":[0,0,0],"ti":[0,0,0]},{"i":{"x":0.477,"y":0.843},"o":{"x":0.167,"y":0.05},"t":1129,"s":[32.52,332.057,0],"to":[0,0,0],"ti":[0,0,0]},{"t":1195,"s":[-214.48,459.057,0]}],"ix":2,"l":2},"a":{"a":0,"k":[63.666,62.718,0],"ix":1,"l":2},"s":{"a":0,"k":[80,80,100],"ix":6,"l":2}},"ao":0,"shapes":[{"ty":"gr","it":[{"ind":0,"ty":"sh","ix":1,"ks":{"a":0,"k":{"i":[[1.737,1.678],[0,0],[-1.678,1.736],[0,0],[-1.737,-1.677],[0,0],[1.677,-1.737],[0,0]],"o":[[0,0],[-1.737,-1.678],[0,0],[1.678,-1.737],[0,0],[1.737,1.678],[0,0],[-1.678,1.736]],"v":[[-23.803,60.79],[-61.63,22.928],[-61.738,16.744],[17.62,-60.684],[23.803,-60.792],[61.63,-22.928],[61.738,-16.745],[-17.62,60.684]],"c":true},"ix":2},"nm":"Path 1","mn":"ADBE Vector Shape - Group","hd":false},{"ty":"fl","c":{"a":0,"k":[0.803921628466,0.827451040231,0.84313731474,1],"ix":4},"o":{"a":0,"k":100,"ix":5},"r":1,"bm":0,"nm":"Fill 1","mn":"ADBE Vector Graphic - Fill","hd":false},{"ty":"tr","p":{"a":0,"k":[63.665,62.719],"ix":2},"a":{"a":0,"k":[0,0],"ix":1},"s":{"a":0,"k":[100,100],"ix":3},"r":{"a":0,"k":0,"ix":6},"o":{"a":0,"k":100,"ix":7},"sk":{"a":0,"k":0,"ix":4},"sa":{"a":0,"k":0,"ix":5},"nm":"Transform"}],"nm":"Group 1","np":2,"cix":2,"bm":0,"ix":1,"mn":"ADBE Vector Group","hd":false}],"ip":0,"op":1202,"st":0,"bm":0},{"ddd":0,"ind":23,"ty":4,"nm":"manoTarjeta_mangaBlanca Outlines","parent":24,"sr":1,"ks":{"o":{"a":0,"k":100,"ix":11},"r":{"a":0,"k":0,"ix":10},"p":{"a":0,"k":[32.098,42.945,0],"ix":2,"l":2},"a":{"a":0,"k":[25.527,36.629,0],"ix":1,"l":2},"s":{"a":0,"k":[100,100,100],"ix":6,"l":2}},"ao":0,"shapes":[{"ty":"gr","it":[{"ind":0,"ty":"sh","ix":1,"ks":{"a":0,"k":{"i":[[0.866,-2.37],[0,0],[2.37,0.866],[0,0],[-0.865,2.371],[0,0],[-2.371,-0.866],[0,0]],"o":[[0,0],[-0.866,2.371],[0,0],[-2.371,-0.866],[0,0],[0.866,-2.37],[0,0],[2.37,0.866]],"v":[[24.411,-22.17],[3.207,32.788],[-2.653,35.513],[-21.688,28.03],[-24.412,22.169],[-3.208,-32.789],[2.653,-35.513],[21.687,-28.03]],"c":true},"ix":2},"nm":"Path 1","mn":"ADBE Vector Shape - Group","hd":false},{"ty":"fl","c":{"a":0,"k":[1,1,1,1],"ix":4},"o":{"a":0,"k":100,"ix":5},"r":1,"bm":0,"nm":"Fill 1","mn":"ADBE Vector Graphic - Fill","hd":false},{"ty":"tr","p":{"a":0,"k":[25.527,36.629],"ix":2},"a":{"a":0,"k":[0,0],"ix":1},"s":{"a":0,"k":[100,100],"ix":3},"r":{"a":0,"k":0,"ix":6},"o":{"a":0,"k":100,"ix":7},"sk":{"a":0,"k":0,"ix":4},"sa":{"a":0,"k":0,"ix":5},"nm":"Transform"}],"nm":"Group 1","np":2,"cix":2,"bm":0,"ix":1,"mn":"ADBE Vector Group","hd":false}],"ip":0,"op":1202,"st":0,"bm":0},{"ddd":0,"ind":24,"ty":4,"nm":"manoTarjeta_mangaGris Outlines","parent":25,"sr":1,"ks":{"o":{"a":0,"k":100,"ix":11},"r":{"a":0,"k":0,"ix":10},"p":{"a":0,"k":[-1.456,19.463,0],"ix":2,"l":2},"a":{"a":0,"k":[32.097,42.945,0],"ix":1,"l":2},"s":{"a":0,"k":[100,100,100],"ix":6,"l":2}},"ao":0,"shapes":[{"ty":"gr","it":[{"ind":0,"ty":"sh","ix":1,"ks":{"a":0,"k":{"i":[[1.185,-3.241],[0,0],[3.241,1.185],[0,0],[-1.185,3.241],[0,0],[-3.242,-1.185],[0,0]],"o":[[0,0],[-1.184,3.241],[0,0],[-3.241,-1.185],[0,0],[1.185,-3.241],[0,0],[3.242,1.185]],"v":[[30.663,-23.266],[7.1,37.786],[-0.913,41.51],[-26.939,31.279],[-30.663,23.266],[-7.1,-37.785],[0.913,-41.509],[26.938,-31.279]],"c":true},"ix":2},"nm":"Path 1","mn":"ADBE Vector Shape - Group","hd":false},{"ty":"fl","c":{"a":0,"k":[0.803921628466,0.827451040231,0.84313731474,1],"ix":4},"o":{"a":0,"k":100,"ix":5},"r":1,"bm":0,"nm":"Fill 1","mn":"ADBE Vector Graphic - Fill","hd":false},{"ty":"tr","p":{"a":0,"k":[32.098,42.944],"ix":2},"a":{"a":0,"k":[0,0],"ix":1},"s":{"a":0,"k":[100,100],"ix":3},"r":{"a":0,"k":0,"ix":6},"o":{"a":0,"k":100,"ix":7},"sk":{"a":0,"k":0,"ix":4},"sa":{"a":0,"k":0,"ix":5},"nm":"Transform"}],"nm":"Group 1","np":2,"cix":2,"bm":0,"ix":1,"mn":"ADBE Vector Group","hd":false}],"ip":0,"op":1202,"st":0,"bm":0},{"ddd":0,"ind":25,"ty":4,"nm":"manoTarjeta_brazoBlanco Outlines","parent":26,"sr":1,"ks":{"o":{"a":0,"k":100,"ix":11},"r":{"a":0,"k":0,"ix":10},"p":{"a":0,"k":[65.799,50.952,0],"ix":2,"l":2},"a":{"a":0,"k":[59.361,43.643,0],"ix":1,"l":2},"s":{"a":0,"k":[100,100,100],"ix":6,"l":2}},"ao":0,"shapes":[{"ty":"gr","it":[{"ind":0,"ty":"sh","ix":1,"ks":{"a":0,"k":{"i":[[0.606,-1.659],[0,0],[1.659,0.607],[0,0],[-0.606,1.658],[0,0],[-1.658,-0.606],[0,0]],"o":[[0,0],[-0.606,1.659],[0,0],[-1.66,-0.606],[0,0],[0.606,-1.658],[0,0],[1.659,0.607]],"v":[[58.506,-0.667],[42.477,40.88],[38.376,42.786],[-56.598,4.768],[-58.505,0.667],[-42.477,-40.881],[-38.377,-42.787],[56.6,-4.769]],"c":true},"ix":2},"nm":"Path 1","mn":"ADBE Vector Shape - Group","hd":false},{"ty":"fl","c":{"a":0,"k":[1,1,1,1],"ix":4},"o":{"a":0,"k":100,"ix":5},"r":1,"bm":0,"nm":"Fill 1","mn":"ADBE Vector Graphic - Fill","hd":false},{"ty":"tr","p":{"a":0,"k":[59.361,43.643],"ix":2},"a":{"a":0,"k":[0,0],"ix":1},"s":{"a":0,"k":[100,100],"ix":3},"r":{"a":0,"k":0,"ix":6},"o":{"a":0,"k":100,"ix":7},"sk":{"a":0,"k":0,"ix":4},"sa":{"a":0,"k":0,"ix":5},"nm":"Transform"}],"nm":"Group 1","np":2,"cix":2,"bm":0,"ix":1,"mn":"ADBE Vector Group","hd":false}],"ip":0,"op":1202,"st":0,"bm":0},{"ddd":0,"ind":26,"ty":4,"nm":"manoTarjeta_brazoGris Outlines","parent":27,"sr":1,"ks":{"o":{"a":0,"k":100,"ix":11},"r":{"a":0,"k":0,"ix":10},"p":{"a":0,"k":[281.882,104.274,0],"ix":2,"l":2},"a":{"a":0,"k":[66.299,50.719,0],"ix":1,"l":2},"s":{"a":0,"k":[100,100,100],"ix":6,"l":2}},"ao":0,"shapes":[{"ty":"gr","it":[{"ind":0,"ty":"sh","ix":1,"ks":{"a":0,"k":{"i":[[0.829,-2.269],[0,0],[2.268,0.829],[0,0],[-0.83,2.267],[0,0],[-2.268,-0.829],[0,0]],"o":[[0,0],[-0.829,2.268],[0,0],[-2.269,-0.829],[0,0],[0.829,-2.268],[0,0],[2.268,0.829]],"v":[[65.221,-2.9],[45.953,47.034],[40.346,49.64],[-62.613,8.507],[-65.219,2.9],[-45.954,-47.034],[-40.346,-49.64],[62.615,-8.507]],"c":true},"ix":2},"nm":"Path 1","mn":"ADBE Vector Shape - Group","hd":false},{"ty":"fl","c":{"a":0,"k":[0.803921628466,0.827451040231,0.84313731474,1],"ix":4},"o":{"a":0,"k":100,"ix":5},"r":1,"bm":0,"nm":"Fill 1","mn":"ADBE Vector Graphic - Fill","hd":false},{"ty":"tr","p":{"a":0,"k":[66.299,50.719],"ix":2},"a":{"a":0,"k":[0,0],"ix":1},"s":{"a":0,"k":[100,100],"ix":3},"r":{"a":0,"k":0,"ix":6},"o":{"a":0,"k":100,"ix":7},"sk":{"a":0,"k":0,"ix":4},"sa":{"a":0,"k":0,"ix":5},"nm":"Transform"}],"nm":"Group 1","np":2,"cix":2,"bm":0,"ix":1,"mn":"ADBE Vector Group","hd":false}],"ip":0,"op":1202,"st":0,"bm":0},{"ddd":0,"ind":27,"ty":4,"nm":"manoTarjeta_datosTarjeta Outlines","parent":28,"sr":1,"ks":{"o":{"a":0,"k":100,"ix":11},"r":{"a":0,"k":0,"ix":10},"p":{"a":0,"k":[-28.904,30.748,0],"ix":2,"l":2},"a":{"a":0,"k":[40.133,38.151,0],"ix":1,"l":2},"s":{"a":0,"k":[100,100,100],"ix":6,"l":2}},"ao":0,"shapes":[{"ty":"gr","it":[{"ind":0,"ty":"sh","ix":1,"ks":{"a":0,"k":{"i":[[-2.21,-0.886],[0,0],[-0.886,2.21],[0,0],[2.21,0.886],[0,0],[0.886,-2.21],[0,0]],"o":[[0,0],[2.21,0.885],[0,0],[0.886,-2.209],[0,0],[-2.21,-0.886],[0,0],[-0.886,2.21]],"v":[[-20.221,3.669],[5.663,13.795],[11.269,11.398],[16.196,-0.89],[13.799,-6.495],[-12.085,-16.622],[-17.691,-14.225],[-22.618,-1.937]],"c":true},"ix":2},"nm":"Path 1","mn":"ADBE Vector Shape - Group","hd":false},{"ty":"fl","c":{"a":0,"k":[1,1,1,1],"ix":4},"o":{"a":0,"k":100,"ix":5},"r":1,"bm":0,"nm":"Fill 1","mn":"ADBE Vector Graphic - Fill","hd":false},{"ty":"tr","p":{"a":0,"k":[31.94,17.758],"ix":2},"a":{"a":0,"k":[0,0],"ix":1},"s":{"a":0,"k":[100,100],"ix":3},"r":{"a":0,"k":0,"ix":6},"o":{"a":0,"k":100,"ix":7},"sk":{"a":0,"k":0,"ix":4},"sa":{"a":0,"k":0,"ix":5},"nm":"Transform"}],"nm":"Group 1","np":2,"cix":2,"bm":0,"ix":1,"mn":"ADBE Vector Group","hd":false},{"ty":"gr","it":[{"ind":0,"ty":"sh","ix":1,"ks":{"a":0,"k":{"i":[[1.015,0.437],[0,0],[-0.437,1.014],[0,0],[-1.014,-0.437],[0,0],[0.437,-1.014],[0,0]],"o":[[0,0],[-1.014,-0.438],[0,0],[0.437,-1.014],[0,0],[1.014,0.437],[0,0],[-0.437,1.015]],"v":[[5.682,0.919],[-2.339,-2.537],[-3.384,-5.165],[-3.324,-5.304],[-0.696,-6.349],[7.325,-2.893],[8.37,-0.265],[8.31,-0.126]],"c":true},"ix":2},"nm":"Path 1","mn":"ADBE Vector Shape - Group","hd":false},{"ty":"fl","c":{"a":0,"k":[1,1,1,1],"ix":4},"o":{"a":0,"k":100,"ix":5},"r":1,"bm":0,"nm":"Fill 1","mn":"ADBE Vector Graphic - Fill","hd":false},{"ty":"tr","p":{"a":0,"k":[38.602,56.554],"ix":2},"a":{"a":0,"k":[0,0],"ix":1},"s":{"a":0,"k":[100,100],"ix":3},"r":{"a":0,"k":0,"ix":6},"o":{"a":0,"k":100,"ix":7},"sk":{"a":0,"k":0,"ix":4},"sa":{"a":0,"k":0,"ix":5},"nm":"Transform"}],"nm":"Group 2","np":2,"cix":2,"bm":0,"ix":2,"mn":"ADBE Vector Group","hd":false},{"ty":"gr","it":[{"ind":0,"ty":"sh","ix":1,"ks":{"a":0,"k":{"i":[[1.015,0.437],[0,0],[-0.437,1.014],[0,0],[-1.014,-0.437],[0,0],[0.437,-1.015],[0,0]],"o":[[0,0],[-1.014,-0.437],[0,0],[0.437,-1.015],[0,0],[1.014,0.438],[0,0],[-0.437,1.014]],"v":[[5.682,0.919],[-2.339,-2.538],[-3.384,-5.165],[-3.324,-5.304],[-0.696,-6.35],[7.325,-2.894],[8.37,-0.265],[8.31,-0.126]],"c":true},"ix":2},"nm":"Path 1","mn":"ADBE Vector Shape - Group","hd":false},{"ty":"fl","c":{"a":0,"k":[1,1,1,1],"ix":4},"o":{"a":0,"k":100,"ix":5},"r":1,"bm":0,"nm":"Fill 1","mn":"ADBE Vector Graphic - Fill","hd":false},{"ty":"tr","p":{"a":0,"k":[22.959,49.813],"ix":2},"a":{"a":0,"k":[0,0],"ix":1},"s":{"a":0,"k":[100,100],"ix":3},"r":{"a":0,"k":0,"ix":6},"o":{"a":0,"k":100,"ix":7},"sk":{"a":0,"k":0,"ix":4},"sa":{"a":0,"k":0,"ix":5},"nm":"Transform"}],"nm":"Group 3","np":2,"cix":2,"bm":0,"ix":3,"mn":"ADBE Vector Group","hd":false},{"ty":"gr","it":[{"ind":0,"ty":"sh","ix":1,"ks":{"a":0,"k":{"i":[[1.014,0.437],[0,0],[-0.437,1.014],[0,0],[-1.015,-0.437],[0,0],[0.437,-1.014],[0,0]],"o":[[0,0],[-1.014,-0.437],[0,0],[0.437,-1.015],[0,0],[1.014,0.438],[0,0],[-0.437,1.014]],"v":[[5.682,0.919],[-2.339,-2.538],[-3.384,-5.165],[-3.324,-5.304],[-0.696,-6.35],[7.325,-2.894],[8.37,-0.265],[8.31,-0.126]],"c":true},"ix":2},"nm":"Path 1","mn":"ADBE Vector Shape - Group","hd":false},{"ty":"fl","c":{"a":0,"k":[1,1,1,1],"ix":4},"o":{"a":0,"k":100,"ix":5},"r":1,"bm":0,"nm":"Fill 1","mn":"ADBE Vector Graphic - Fill","hd":false},{"ty":"tr","p":{"a":0,"k":[6.564,42.748],"ix":2},"a":{"a":0,"k":[0,0],"ix":1},"s":{"a":0,"k":[100,100],"ix":3},"r":{"a":0,"k":0,"ix":6},"o":{"a":0,"k":100,"ix":7},"sk":{"a":0,"k":0,"ix":4},"sa":{"a":0,"k":0,"ix":5},"nm":"Transform"}],"nm":"Group 4","np":2,"cix":2,"bm":0,"ix":4,"mn":"ADBE Vector Group","hd":false},{"ty":"gr","it":[{"ind":0,"ty":"sh","ix":1,"ks":{"a":0,"k":{"i":[[1.015,0.437],[0,0],[-0.437,1.015],[0,0],[-1.014,-0.437],[0,0],[0.437,-1.014],[0,0]],"o":[[0,0],[-1.014,-0.437],[0,0],[0.437,-1.014],[0,0],[1.014,0.437],[0,0],[-0.437,1.015]],"v":[[5.682,0.919],[-2.339,-2.538],[-3.384,-5.166],[-3.324,-5.305],[-0.696,-6.35],[7.325,-2.894],[8.37,-0.266],[8.31,-0.127]],"c":true},"ix":2},"nm":"Path 1","mn":"ADBE Vector Shape - Group","hd":false},{"ty":"fl","c":{"a":0,"k":[1,1,1,1],"ix":4},"o":{"a":0,"k":100,"ix":5},"r":1,"bm":0,"nm":"Fill 1","mn":"ADBE Vector Graphic - Fill","hd":false},{"ty":"tr","p":{"a":0,"k":[73.703,71.981],"ix":2},"a":{"a":0,"k":[0,0],"ix":1},"s":{"a":0,"k":[100,100],"ix":3},"r":{"a":0,"k":0,"ix":6},"o":{"a":0,"k":100,"ix":7},"sk":{"a":0,"k":0,"ix":4},"sa":{"a":0,"k":0,"ix":5},"nm":"Transform"}],"nm":"Group 5","np":2,"cix":2,"bm":0,"ix":5,"mn":"ADBE Vector Group","hd":false},{"ty":"gr","it":[{"ind":0,"ty":"sh","ix":1,"ks":{"a":0,"k":{"i":[[1.014,0.437],[0,0],[-0.437,1.015],[0,0],[-1.015,-0.437],[0,0],[0.437,-1.013],[0,0]],"o":[[0,0],[-1.014,-0.438],[0,0],[0.437,-1.013],[0,0],[1.014,0.438],[0,0],[-0.437,1.015]],"v":[[5.682,0.919],[-2.339,-2.537],[-3.384,-5.166],[-3.324,-5.305],[-0.696,-6.35],[7.325,-2.894],[8.37,-0.266],[8.31,-0.127]],"c":true},"ix":2},"nm":"Path 1","mn":"ADBE Vector Shape - Group","hd":false},{"ty":"fl","c":{"a":0,"k":[1,1,1,1],"ix":4},"o":{"a":0,"k":100,"ix":5},"r":1,"bm":0,"nm":"Fill 1","mn":"ADBE Vector Graphic - Fill","hd":false},{"ty":"tr","p":{"a":0,"k":[55.977,64.041],"ix":2},"a":{"a":0,"k":[0,0],"ix":1},"s":{"a":0,"k":[100,100],"ix":3},"r":{"a":0,"k":0,"ix":6},"o":{"a":0,"k":100,"ix":7},"sk":{"a":0,"k":0,"ix":4},"sa":{"a":0,"k":0,"ix":5},"nm":"Transform"}],"nm":"Group 6","np":2,"cix":2,"bm":0,"ix":6,"mn":"ADBE Vector Group","hd":false}],"ip":0,"op":1202,"st":0,"bm":0},{"ddd":0,"ind":28,"ty":4,"nm":"manoTarjeta_mano Outlines","parent":29,"sr":1,"ks":{"o":{"a":0,"k":100,"ix":11},"r":{"a":0,"k":0,"ix":10},"p":{"a":0,"k":[78.723,20.498,0],"ix":2,"l":2},"a":{"a":0,"k":[73.573,43.405,0],"ix":1,"l":2},"s":{"a":0,"k":[100,100,100],"ix":6,"l":2}},"ao":0,"shapes":[{"ty":"gr","it":[{"ind":0,"ty":"sh","ix":1,"ks":{"a":0,"k":{"i":[[0,0],[-4.6,0.712],[-6.153,-4.02],[-12.612,-8.054],[-7.54,-3.002],[0,0],[0,0],[3.898,1.552],[5.264,-1.144],[10.91,2.377],[4.857,8.148],[10.167,4.048],[4.575,1.821],[-1.518,3.813],[-3.05,-1.214],[-3.304,-1.315],[-1.825,1.04],[1.103,1.911],[1.336,-1.137],[2.077,0.739],[1.017,0.405],[-0.33,1.979],[-0.021,2.918],[5.256,2.644]],"o":[[2.776,-0.563],[4.957,-0.767],[6.153,4.02],[13.461,8.596],[7.541,3.002],[0,0],[0,0],[-3.897,-1.552],[-5.265,1.142],[-10.479,-2.282],[-4.015,-6.736],[-10.166,-4.047],[-4.575,-1.822],[1.518,-3.812],[3.05,1.214],[3.304,1.316],[1.826,-1.04],[-1.104,-1.912],[-1.336,1.136],[-3.351,-1.191],[-1.016,-0.405],[0.363,-2.177],[0.056,-7.609],[0,0]],"v":[[-52.251,-39.298],[-27.743,-42.388],[-9.347,-38.303],[18.099,-21.292],[45.874,-5.915],[73.323,5.012],[58.109,43.155],[30.927,32.334],[14.947,33.733],[-8.861,35.597],[-31.485,19.451],[-50.137,9.301],[-57.612,6.245],[-61.727,-4.129],[-53.285,-8.816],[-32.27,-1.75],[-24.669,-3.435],[-20.885,-8.406],[-26.15,-7.754],[-29.889,-6.015],[-32.099,-6.77],[-32.823,-9.74],[-31.969,-19.151],[-42.013,-34.092]],"c":true},"ix":2},"nm":"Path 1","mn":"ADBE Vector Shape - Group","hd":false},{"ty":"fl","c":{"a":0,"k":[1,1,1,1],"ix":4},"o":{"a":0,"k":100,"ix":5},"r":1,"bm":0,"nm":"Fill 1","mn":"ADBE Vector Graphic - Fill","hd":false},{"ty":"tr","p":{"a":0,"k":[73.573,43.405],"ix":2},"a":{"a":0,"k":[0,0],"ix":1},"s":{"a":0,"k":[100,100],"ix":3},"r":{"a":0,"k":0,"ix":6},"o":{"a":0,"k":100,"ix":7},"sk":{"a":0,"k":0,"ix":4},"sa":{"a":0,"k":0,"ix":5},"nm":"Transform"}],"nm":"Group 1","np":2,"cix":2,"bm":0,"ix":1,"mn":"ADBE Vector Group","hd":false}],"ip":0,"op":1202,"st":0,"bm":0},{"ddd":0,"ind":29,"ty":4,"nm":"manoTarjeta_dedoPulgarGris Outlines","parent":30,"sr":1,"ks":{"o":{"a":0,"k":100,"ix":11},"r":{"a":0,"k":0,"ix":10},"p":{"a":0,"k":[103.396,65.648,0],"ix":2,"l":2},"a":{"a":0,"k":[22.695,18.192,0],"ix":1,"l":2},"s":{"a":0,"k":[100,100,100],"ix":6,"l":2}},"ao":0,"shapes":[{"ty":"gr","it":[{"ind":0,"ty":"sh","ix":1,"ks":{"a":0,"k":{"i":[[0,0],[2.764,1.244],[4.214,-7.739],[-5.666,-2.281],[0,0]],"o":[[0,0],[-2.764,-1.244],[-4.215,7.738],[5.665,2.279],[0,0]],"v":[[22.445,-4.776],[6.38,-10.127],[-8.543,-5.828],[-4.264,11.407],[13.449,18.255]],"c":true},"ix":2},"nm":"Path 1","mn":"ADBE Vector Shape - Group","hd":false},{"ty":"fl","c":{"a":0,"k":[0.803921628466,0.827451040231,0.84313731474,1],"ix":4},"o":{"a":0,"k":100,"ix":5},"r":1,"bm":0,"nm":"Fill 1","mn":"ADBE Vector Graphic - Fill","hd":false},{"ty":"tr","p":{"a":0,"k":[22.695,18.192],"ix":2},"a":{"a":0,"k":[0,0],"ix":1},"s":{"a":0,"k":[100,100],"ix":3},"r":{"a":0,"k":0,"ix":6},"o":{"a":0,"k":100,"ix":7},"sk":{"a":0,"k":0,"ix":4},"sa":{"a":0,"k":0,"ix":5},"nm":"Transform"}],"nm":"Group 1","np":2,"cix":2,"bm":0,"ix":1,"mn":"ADBE Vector Group","hd":false}],"ip":0,"op":1202,"st":0,"bm":0},{"ddd":0,"ind":30,"ty":4,"nm":"manoTarjeta_rellenoTarjeta Outlines","parent":31,"sr":1,"ks":{"o":{"a":0,"k":100,"ix":11},"r":{"a":0,"k":0,"ix":10},"p":{"a":0,"k":[69.089,60.916,0],"ix":2,"l":2},"a":{"a":0,"k":[63.968,55.072,0],"ix":1,"l":2},"s":{"a":0,"k":[100,100,100],"ix":6,"l":2}},"ao":0,"shapes":[{"ty":"gr","it":[{"ind":0,"ty":"sh","ix":1,"ks":{"a":0,"k":{"i":[[10.728,4.832],[0,0],[-3.661,11.337],[0,0],[-7.434,-2.75],[0,0],[3.752,-12.145],[0,0]],"o":[[0,0],[-6.324,-2.106],[0,0],[2.883,-7.914],[0,0],[11.338,4.578],[0,0],[-2.167,4.997]],"v":[[24.923,45.977],[-44.821,17.447],[-56.235,-4.434],[-40.434,-43.933],[-21.211,-51.597],[44.548,-22.988],[59.555,0.376],[44.928,39.25]],"c":true},"ix":2},"nm":"Path 1","mn":"ADBE Vector Shape - Group","hd":false},{"ty":"fl","c":{"a":0,"k":[0.501960813999,0.501960813999,1,1],"ix":4},"o":{"a":0,"k":100,"ix":5},"r":1,"bm":0,"nm":"Fill 1","mn":"ADBE Vector Graphic - Fill","hd":false},{"ty":"tr","p":{"a":0,"k":[63.968,55.072],"ix":2},"a":{"a":0,"k":[0,0],"ix":1},"s":{"a":0,"k":[100,100],"ix":3},"r":{"a":0,"k":0,"ix":6},"o":{"a":0,"k":100,"ix":7},"sk":{"a":0,"k":0,"ix":4},"sa":{"a":0,"k":0,"ix":5},"nm":"Transform"}],"nm":"Group 1","np":2,"cix":2,"bm":0,"ix":1,"mn":"ADBE Vector Group","hd":false}],"ip":0,"op":1202,"st":0,"bm":0},{"ddd":0,"ind":31,"ty":3,"nm":"manoTarjeta_bordeTarjeta Outlines","parent":32,"sr":1,"ks":{"o":{"a":0,"k":100,"ix":11},"r":{"a":0,"k":0,"ix":10},"p":{"a":0,"k":[-27.625,36.08,0],"ix":2,"l":2},"a":{"a":0,"k":[69.176,60.768,0],"ix":1,"l":2},"s":{"a":0,"k":[100,100,100],"ix":6,"l":2}},"ao":0,"ip":0,"op":1202,"st":0,"bm":0},{"ddd":0,"ind":32,"ty":4,"nm":"manoTarjeta_manoSilueta Outlines","sr":1,"ks":{"o":{"a":0,"k":100,"ix":11},"r":{"a":1,"k":[{"i":{"x":[0.833],"y":[0.833]},"o":{"x":[0.167],"y":[0.167]},"t":1045,"s":[0]},{"t":1084,"s":[14]}],"ix":10},"p":{"a":1,"k":[{"i":{"x":0.833,"y":0.999},"o":{"x":0.167,"y":0.163},"t":38,"s":[480.289,275.303,0],"to":[-29.215,-17.167,0],"ti":[29.215,17.167,0]},{"i":{"x":0.667,"y":0.667},"o":{"x":0.167,"y":0.167},"t":82,"s":[305,172.303,0],"to":[0,0,0],"ti":[0,0,0]},{"i":{"x":0.667,"y":1},"o":{"x":0.333,"y":0},"t":100,"s":[305,172.303,0],"to":[-0.118,1.333,0],"ti":[1.452,-1.333,0]},{"i":{"x":0.667,"y":1},"o":{"x":0.333,"y":0},"t":138,"s":[304.289,180.303,0],"to":[-1.452,1.333,0],"ti":[-0.333,2.833,0]},{"i":{"x":0.667,"y":1},"o":{"x":0.333,"y":0},"t":175,"s":[296.289,180.303,0],"to":[0.333,-2.833,0],"ti":[-1.167,1.333,0]},{"i":{"x":0.667,"y":1},"o":{"x":0.167,"y":0},"t":216,"s":[306.289,163.303,0],"to":[1.167,-1.333,0],"ti":[0.5,-1.333,0]},{"i":{"x":0.667,"y":1},"o":{"x":0.333,"y":0},"t":272,"s":[303.289,172.303,0],"to":[-0.5,1.333,0],"ti":[-1.167,0.167,0]},{"i":{"x":0.667,"y":1},"o":{"x":0.333,"y":0},"t":310,"s":[303.289,171.303,0],"to":[1.167,-0.167,0],"ti":[-1,1.333,0]},{"i":{"x":0.667,"y":1},"o":{"x":0.333,"y":0},"t":347,"s":[310.289,171.303,0],"to":[1,-1.333,0],"ti":[1.167,-0.167,0]},{"i":{"x":0.667,"y":1},"o":{"x":0.167,"y":0},"t":388,"s":[309.289,163.303,0],"to":[-1.167,0.167,0],"ti":[0.333,-2.833,0]},{"i":{"x":0.667,"y":1},"o":{"x":0.333,"y":0},"t":461,"s":[303.289,172.303,0],"to":[-0.333,2.833,0],"ti":[0.667,-1.333,0]},{"i":{"x":0.667,"y":1},"o":{"x":0.333,"y":0},"t":499,"s":[307.289,180.303,0],"to":[-0.667,1.333,0],"ti":[0.667,2.833,0]},{"i":{"x":0.667,"y":1},"o":{"x":0.333,"y":0},"t":536,"s":[299.289,180.303,0],"to":[-0.667,-2.833,0],"ti":[-0.5,1.333,0]},{"i":{"x":0.667,"y":1},"o":{"x":0.167,"y":0},"t":577,"s":[303.289,163.303,0],"to":[0.5,-1.333,0],"ti":[-1.5,-2.833,0]},{"i":{"x":0.667,"y":1},"o":{"x":0.333,"y":0},"t":667,"s":[302.289,172.303,0],"to":[1.5,2.833,0],"ti":[1.167,-1.333,0]},{"i":{"x":0.667,"y":1},"o":{"x":0.333,"y":0},"t":705,"s":[312.289,180.303,0],"to":[-1.167,1.333,0],"ti":[1,2.833,0]},{"i":{"x":0.667,"y":1},"o":{"x":0.333,"y":0},"t":742,"s":[295.289,180.303,0],"to":[-1,-2.833,0],"ti":[0.167,-1,0]},{"i":{"x":0.667,"y":1},"o":{"x":0.167,"y":0},"t":783,"s":[306.289,163.303,0],"to":[-0.167,1,0],"ti":[0.667,-2.833,0]},{"i":{"x":0.667,"y":1},"o":{"x":0.333,"y":0},"t":856,"s":[294.289,186.303,0],"to":[-0.667,2.833,0],"ti":[-2.333,1,0]},{"i":{"x":0.667,"y":1},"o":{"x":0.333,"y":0},"t":894,"s":[302.289,180.303,0],"to":[2.333,-1,0],"ti":[-0.667,2.833,0]},{"i":{"x":0.667,"y":1},"o":{"x":0.333,"y":0},"t":931,"s":[308.289,180.303,0],"to":[0.667,-2.833,0],"ti":[0,2.833,0]},{"i":{"x":0.667,"y":1},"o":{"x":0.167,"y":0},"t":972,"s":[306.289,163.303,0],"to":[0,-2.833,0],"ti":[-5.333,-6.833,0]},{"i":{"x":0.667,"y":1},"o":{"x":0.167,"y":0},"t":1045,"s":[308.289,163.303,0],"to":[5.333,6.833,0],"ti":[-5,-6.833,0]},{"i":{"x":0.667,"y":0.667},"o":{"x":0.167,"y":0.167},"t":1084,"s":[338.289,204.303,0],"to":[0,0,0],"ti":[0,0,0]},{"i":{"x":0.667,"y":1},"o":{"x":0.167,"y":0},"t":1131,"s":[338.289,204.303,0],"to":[34.5,9.333,0],"ti":[-34.5,-9.333,0]},{"t":1168,"s":[545.289,260.303,0]}],"ix":2,"l":2},"a":{"a":0,"k":[72.996,48.424,0],"ix":1,"l":2},"s":{"a":0,"k":[80,80,100],"ix":6,"l":2}},"ao":0,"shapes":[{"ty":"gr","it":[{"ind":0,"ty":"sh","ix":1,"ks":{"a":0,"k":{"i":[[0,0],[0.563,0.375],[0,0],[-1.337,0.885],[-3.637,0.469],[-7.717,-2.519],[-11.326,-7.151],[-11.998,-5.165],[-21.893,-8.43],[0,0],[0,0],[0,0],[0,0],[9.407,-2.406],[6.833,2.72],[2.949,4.544],[1.541,0.615]],"o":[[0,0],[-0.563,-0.376],[0,0],[1.251,-0.827],[0,0],[7.025,2.293],[10.003,6.317],[9.597,4.131],[0,0],[0,0],[0,0],[0,0],[-5.648,-2.248],[-11.682,2.989],[-8.046,-3.203],[-2.95,-4.546],[0,0]],"v":[[-49.1,16.285],[-72.184,10.152],[-67.87,-38.188],[-66.223,-39.85],[-59.186,-42.069],[-20.872,-45.655],[13.366,-25.687],[34.917,-12.935],[64.195,-1.278],[72.747,2.128],[54.415,48.174],[45.844,44.762],[25.624,37.306],[6.648,39.142],[-22.374,37.324],[-39.335,24.139],[-45.676,17.647]],"c":true},"ix":2},"nm":"Path 1","mn":"ADBE Vector Shape - Group","hd":false},{"ty":"fl","c":{"a":0,"k":[0.803921628466,0.827451040231,0.84313731474,1],"ix":4},"o":{"a":0,"k":100,"ix":5},"r":1,"bm":0,"nm":"Fill 1","mn":"ADBE Vector Graphic - Fill","hd":false},{"ty":"tr","p":{"a":0,"k":[72.996,48.424],"ix":2},"a":{"a":0,"k":[0,0],"ix":1},"s":{"a":0,"k":[100,100],"ix":3},"r":{"a":0,"k":0,"ix":6},"o":{"a":0,"k":100,"ix":7},"sk":{"a":0,"k":0,"ix":4},"sa":{"a":0,"k":0,"ix":5},"nm":"Transform"}],"nm":"Group 1","np":2,"cix":2,"bm":0,"ix":1,"mn":"ADBE Vector Group","hd":false}],"ip":0,"op":1202,"st":0,"bm":0},{"ddd":0,"ind":33,"ty":4,"nm":"circulo Outlines 3","sr":1,"ks":{"o":{"a":1,"k":[{"i":{"x":[0.833],"y":[0.833]},"o":{"x":[0.167],"y":[0.167]},"t":130,"s":[0]},{"i":{"x":[0.833],"y":[0.833]},"o":{"x":[0.167],"y":[0.167]},"t":152,"s":[16]},{"i":{"x":[0.833],"y":[0.833]},"o":{"x":[0.167],"y":[0.167]},"t":174,"s":[0]},{"i":{"x":[0.833],"y":[0.833]},"o":{"x":[0.167],"y":[0.167]},"t":440,"s":[0]},{"i":{"x":[0.833],"y":[0.833]},"o":{"x":[0.167],"y":[0.167]},"t":462,"s":[16]},{"i":{"x":[0.833],"y":[0.833]},"o":{"x":[0.167],"y":[0.167]},"t":484,"s":[0]},{"i":{"x":[0.833],"y":[0.833]},"o":{"x":[0.167],"y":[0.167]},"t":749,"s":[0]},{"i":{"x":[0.833],"y":[0.833]},"o":{"x":[0.167],"y":[0.167]},"t":771,"s":[16]},{"i":{"x":[0.833],"y":[0.833]},"o":{"x":[0.167],"y":[0.167]},"t":793,"s":[0]},{"i":{"x":[0.833],"y":[0.833]},"o":{"x":[0.167],"y":[0.167]},"t":1019,"s":[0]},{"i":{"x":[0.833],"y":[0.833]},"o":{"x":[0.167],"y":[0.167]},"t":1041,"s":[16]},{"t":1063,"s":[0]}],"ix":11},"r":{"a":0,"k":0,"ix":10},"p":{"a":0,"k":[189.5,174,0],"ix":2,"l":2},"a":{"a":0,"k":[89.255,89.255,0],"ix":1,"l":2},"s":{"a":1,"k":[{"i":{"x":[0.833,0.833,0.833],"y":[1,1,1]},"o":{"x":[0.167,0.167,0.167],"y":[0,0,0]},"t":130,"s":[6,6,100]},{"i":{"x":[0.833,0.833,0.833],"y":[1,1,1]},"o":{"x":[0.333,0.333,0.333],"y":[0,0,0]},"t":152,"s":[83,83,100]},{"i":{"x":[0.833,0.833,0.833],"y":[1,1,1]},"o":{"x":[0.167,0.167,0.167],"y":[0,0,0]},"t":174,"s":[135,135,100]},{"i":{"x":[0.833,0.833,0.833],"y":[1,1,1]},"o":{"x":[0.167,0.167,0.167],"y":[0,0,0]},"t":440,"s":[6,6,100]},{"i":{"x":[0.833,0.833,0.833],"y":[1,1,1]},"o":{"x":[0.333,0.333,0.333],"y":[0,0,0]},"t":462,"s":[83,83,100]},{"i":{"x":[0.833,0.833,0.833],"y":[1,1,1]},"o":{"x":[0.167,0.167,0.167],"y":[0,0,0]},"t":484,"s":[135,135,100]},{"i":{"x":[0.833,0.833,0.833],"y":[1,1,1]},"o":{"x":[0.167,0.167,0.167],"y":[0,0,0]},"t":749,"s":[6,6,100]},{"i":{"x":[0.833,0.833,0.833],"y":[1,1,1]},"o":{"x":[0.333,0.333,0.333],"y":[0,0,0]},"t":771,"s":[83,83,100]},{"i":{"x":[0.833,0.833,0.833],"y":[1,1,1]},"o":{"x":[0.167,0.167,0.167],"y":[0,0,0]},"t":793,"s":[135,135,100]},{"i":{"x":[0.833,0.833,0.833],"y":[1,1,1]},"o":{"x":[0.167,0.167,0.167],"y":[0,0,0]},"t":1019,"s":[6,6,100]},{"i":{"x":[0.833,0.833,0.833],"y":[1,1,1]},"o":{"x":[0.333,0.333,0.333],"y":[0,0,0]},"t":1041,"s":[83,83,100]},{"t":1063,"s":[135,135,100]}],"ix":6,"l":2}},"ao":0,"shapes":[{"ty":"gr","it":[{"ind":0,"ty":"sh","ix":1,"ks":{"a":0,"k":{"i":[[0,49.156],[49.156,0],[0,-49.156],[-49.156,0]],"o":[[0,-49.156],[-49.156,0],[0,49.156],[49.156,0]],"v":[[89.005,0],[0,-89.005],[-89.005,0],[0,89.005]],"c":true},"ix":2},"nm":"Path 1","mn":"ADBE Vector Shape - Group","hd":false},{"ty":"fl","c":{"a":0,"k":[0.345098039216,0.207843152214,0.925490255917,1],"ix":4},"o":{"a":0,"k":100,"ix":5},"r":1,"bm":0,"nm":"Fill 1","mn":"ADBE Vector Graphic - Fill","hd":false},{"ty":"tr","p":{"a":0,"k":[89.255,89.255],"ix":2},"a":{"a":0,"k":[0,0],"ix":1},"s":{"a":0,"k":[100,100],"ix":3},"r":{"a":0,"k":0,"ix":6},"o":{"a":0,"k":100,"ix":7},"sk":{"a":0,"k":0,"ix":4},"sa":{"a":0,"k":0,"ix":5},"nm":"Transform"}],"nm":"Group 1","np":2,"cix":2,"bm":0,"ix":1,"mn":"ADBE Vector Group","hd":false}],"ip":0,"op":1202,"st":0,"bm":0},{"ddd":0,"ind":34,"ty":4,"nm":"circulo Outlines 2","sr":1,"ks":{"o":{"a":1,"k":[{"i":{"x":[0.833],"y":[0.833]},"o":{"x":[0.167],"y":[0.167]},"t":108,"s":[0]},{"i":{"x":[0.833],"y":[0.833]},"o":{"x":[0.167],"y":[0.167]},"t":130,"s":[16]},{"i":{"x":[0.833],"y":[0.833]},"o":{"x":[0.167],"y":[0.167]},"t":152,"s":[0]},{"i":{"x":[0.833],"y":[0.833]},"o":{"x":[0.167],"y":[0.167]},"t":418,"s":[0]},{"i":{"x":[0.833],"y":[0.833]},"o":{"x":[0.167],"y":[0.167]},"t":440,"s":[16]},{"i":{"x":[0.833],"y":[0.833]},"o":{"x":[0.167],"y":[0.167]},"t":462,"s":[0]},{"i":{"x":[0.833],"y":[0.833]},"o":{"x":[0.167],"y":[0.167]},"t":727,"s":[0]},{"i":{"x":[0.833],"y":[0.833]},"o":{"x":[0.167],"y":[0.167]},"t":749,"s":[16]},{"i":{"x":[0.833],"y":[0.833]},"o":{"x":[0.167],"y":[0.167]},"t":771,"s":[0]},{"i":{"x":[0.833],"y":[0.833]},"o":{"x":[0.167],"y":[0.167]},"t":997,"s":[0]},{"i":{"x":[0.833],"y":[0.833]},"o":{"x":[0.167],"y":[0.167]},"t":1019,"s":[16]},{"t":1041,"s":[0]}],"ix":11},"r":{"a":0,"k":0,"ix":10},"p":{"a":0,"k":[189.5,174,0],"ix":2,"l":2},"a":{"a":0,"k":[89.255,89.255,0],"ix":1,"l":2},"s":{"a":1,"k":[{"i":{"x":[0.833,0.833,0.833],"y":[1,1,1]},"o":{"x":[0.167,0.167,0.167],"y":[0,0,0]},"t":108,"s":[6,6,100]},{"i":{"x":[0.833,0.833,0.833],"y":[1,1,1]},"o":{"x":[0.333,0.333,0.333],"y":[0,0,0]},"t":130,"s":[83,83,100]},{"i":{"x":[0.833,0.833,0.833],"y":[1,1,1]},"o":{"x":[0.167,0.167,0.167],"y":[0,0,0]},"t":152,"s":[135,135,100]},{"i":{"x":[0.833,0.833,0.833],"y":[1,1,1]},"o":{"x":[0.167,0.167,0.167],"y":[0,0,0]},"t":418,"s":[6,6,100]},{"i":{"x":[0.833,0.833,0.833],"y":[1,1,1]},"o":{"x":[0.333,0.333,0.333],"y":[0,0,0]},"t":440,"s":[83,83,100]},{"i":{"x":[0.833,0.833,0.833],"y":[1,1,1]},"o":{"x":[0.167,0.167,0.167],"y":[0,0,0]},"t":462,"s":[135,135,100]},{"i":{"x":[0.833,0.833,0.833],"y":[1,1,1]},"o":{"x":[0.167,0.167,0.167],"y":[0,0,0]},"t":727,"s":[6,6,100]},{"i":{"x":[0.833,0.833,0.833],"y":[1,1,1]},"o":{"x":[0.333,0.333,0.333],"y":[0,0,0]},"t":749,"s":[83,83,100]},{"i":{"x":[0.833,0.833,0.833],"y":[1,1,1]},"o":{"x":[0.167,0.167,0.167],"y":[0,0,0]},"t":771,"s":[135,135,100]},{"i":{"x":[0.833,0.833,0.833],"y":[1,1,1]},"o":{"x":[0.167,0.167,0.167],"y":[0,0,0]},"t":997,"s":[6,6,100]},{"i":{"x":[0.833,0.833,0.833],"y":[1,1,1]},"o":{"x":[0.333,0.333,0.333],"y":[0,0,0]},"t":1019,"s":[83,83,100]},{"t":1041,"s":[135,135,100]}],"ix":6,"l":2}},"ao":0,"shapes":[{"ty":"gr","it":[{"ind":0,"ty":"sh","ix":1,"ks":{"a":0,"k":{"i":[[0,49.156],[49.156,0],[0,-49.156],[-49.156,0]],"o":[[0,-49.156],[-49.156,0],[0,49.156],[49.156,0]],"v":[[89.005,0],[0,-89.005],[-89.005,0],[0,89.005]],"c":true},"ix":2},"nm":"Path 1","mn":"ADBE Vector Shape - Group","hd":false},{"ty":"fl","c":{"a":0,"k":[0.345098039216,0.207843152214,0.925490255917,1],"ix":4},"o":{"a":0,"k":100,"ix":5},"r":1,"bm":0,"nm":"Fill 1","mn":"ADBE Vector Graphic - Fill","hd":false},{"ty":"tr","p":{"a":0,"k":[89.255,89.255],"ix":2},"a":{"a":0,"k":[0,0],"ix":1},"s":{"a":0,"k":[100,100],"ix":3},"r":{"a":0,"k":0,"ix":6},"o":{"a":0,"k":100,"ix":7},"sk":{"a":0,"k":0,"ix":4},"sa":{"a":0,"k":0,"ix":5},"nm":"Transform"}],"nm":"Group 1","np":2,"cix":2,"bm":0,"ix":1,"mn":"ADBE Vector Group","hd":false}],"ip":0,"op":1202,"st":0,"bm":0},{"ddd":0,"ind":35,"ty":4,"nm":"circulo Outlines","sr":1,"ks":{"o":{"a":1,"k":[{"i":{"x":[0.833],"y":[0.833]},"o":{"x":[0.167],"y":[0.167]},"t":87,"s":[0]},{"i":{"x":[0.833],"y":[0.833]},"o":{"x":[0.167],"y":[0.167]},"t":109,"s":[16]},{"i":{"x":[0.833],"y":[0.833]},"o":{"x":[0.167],"y":[0.167]},"t":131,"s":[0]},{"i":{"x":[0.833],"y":[0.833]},"o":{"x":[0.167],"y":[0.167]},"t":396,"s":[0]},{"i":{"x":[0.833],"y":[0.833]},"o":{"x":[0.167],"y":[0.167]},"t":418,"s":[16]},{"i":{"x":[0.833],"y":[0.833]},"o":{"x":[0.167],"y":[0.167]},"t":440,"s":[0]},{"i":{"x":[0.833],"y":[0.833]},"o":{"x":[0.167],"y":[0.167]},"t":705,"s":[0]},{"i":{"x":[0.833],"y":[0.833]},"o":{"x":[0.167],"y":[0.167]},"t":727,"s":[16]},{"i":{"x":[0.833],"y":[0.833]},"o":{"x":[0.167],"y":[0.167]},"t":749,"s":[0]},{"i":{"x":[0.833],"y":[0.833]},"o":{"x":[0.167],"y":[0.167]},"t":975,"s":[0]},{"i":{"x":[0.833],"y":[0.833]},"o":{"x":[0.167],"y":[0.167]},"t":997,"s":[16]},{"t":1019,"s":[0]}],"ix":11},"r":{"a":0,"k":0,"ix":10},"p":{"a":0,"k":[189.5,174,0],"ix":2,"l":2},"a":{"a":0,"k":[89.255,89.255,0],"ix":1,"l":2},"s":{"a":1,"k":[{"i":{"x":[0.833,0.833,0.833],"y":[1,1,1]},"o":{"x":[0.167,0.167,0.167],"y":[0,0,0]},"t":87,"s":[6,6,100]},{"i":{"x":[0.833,0.833,0.833],"y":[1,1,1]},"o":{"x":[0.333,0.333,0.333],"y":[0,0,0]},"t":109,"s":[83,83,100]},{"i":{"x":[0.833,0.833,0.833],"y":[1,1,1]},"o":{"x":[0.167,0.167,0.167],"y":[0,0,0]},"t":131,"s":[135,135,100]},{"i":{"x":[0.833,0.833,0.833],"y":[1,1,1]},"o":{"x":[0.167,0.167,0.167],"y":[0,0,0]},"t":396,"s":[6,6,100]},{"i":{"x":[0.833,0.833,0.833],"y":[1,1,1]},"o":{"x":[0.333,0.333,0.333],"y":[0,0,0]},"t":418,"s":[83,83,100]},{"i":{"x":[0.833,0.833,0.833],"y":[1,1,1]},"o":{"x":[0.167,0.167,0.167],"y":[0,0,0]},"t":440,"s":[135,135,100]},{"i":{"x":[0.833,0.833,0.833],"y":[1,1,1]},"o":{"x":[0.167,0.167,0.167],"y":[0,0,0]},"t":705,"s":[6,6,100]},{"i":{"x":[0.833,0.833,0.833],"y":[1,1,1]},"o":{"x":[0.333,0.333,0.333],"y":[0,0,0]},"t":727,"s":[83,83,100]},{"i":{"x":[0.833,0.833,0.833],"y":[1,1,1]},"o":{"x":[0.167,0.167,0.167],"y":[0,0,0]},"t":749,"s":[135,135,100]},{"i":{"x":[0.833,0.833,0.833],"y":[1,1,1]},"o":{"x":[0.167,0.167,0.167],"y":[0,0,0]},"t":975,"s":[6,6,100]},{"i":{"x":[0.833,0.833,0.833],"y":[1,1,1]},"o":{"x":[0.333,0.333,0.333],"y":[0,0,0]},"t":997,"s":[83,83,100]},{"t":1019,"s":[135,135,100]}],"ix":6,"l":2}},"ao":0,"shapes":[{"ty":"gr","it":[{"ind":0,"ty":"sh","ix":1,"ks":{"a":0,"k":{"i":[[0,49.156],[49.156,0],[0,-49.156],[-49.156,0]],"o":[[0,-49.156],[-49.156,0],[0,49.156],[49.156,0]],"v":[[89.005,0],[0,-89.005],[-89.005,0],[0,89.005]],"c":true},"ix":2},"nm":"Path 1","mn":"ADBE Vector Shape - Group","hd":false},{"ty":"fl","c":{"a":0,"k":[0.345098039216,0.207843152214,0.925490255917,1],"ix":4},"o":{"a":0,"k":100,"ix":5},"r":1,"bm":0,"nm":"Fill 1","mn":"ADBE Vector Graphic - Fill","hd":false},{"ty":"tr","p":{"a":0,"k":[89.255,89.255],"ix":2},"a":{"a":0,"k":[0,0],"ix":1},"s":{"a":0,"k":[100,100],"ix":3},"r":{"a":0,"k":0,"ix":6},"o":{"a":0,"k":100,"ix":7},"sk":{"a":0,"k":0,"ix":4},"sa":{"a":0,"k":0,"ix":5},"nm":"Transform"}],"nm":"Group 1","np":2,"cix":2,"bm":0,"ix":1,"mn":"ADBE Vector Group","hd":false}],"ip":0,"op":1202,"st":0,"bm":0},{"ddd":0,"ind":36,"ty":4,"nm":"bg_blanco","sr":1,"ks":{"o":{"a":0,"k":100,"ix":11},"r":{"a":0,"k":0,"ix":10},"p":{"a":0,"k":[187.5,175,0],"ix":2,"l":2},"a":{"a":0,"k":[0,0,0],"ix":1,"l":2},"s":{"a":0,"k":[100,100,100],"ix":6,"l":2}},"ao":0,"shapes":[{"ty":"gr","it":[{"ty":"rc","d":1,"s":{"a":0,"k":[366.55,341.862],"ix":2},"p":{"a":0,"k":[0,0],"ix":3},"r":{"a":0,"k":0,"ix":4},"nm":"Rectangle Path 1","mn":"ADBE Vector Shape - Rect","hd":false},{"ty":"fl","c":{"a":0,"k":[1,1,1,1],"ix":4},"o":{"a":0,"k":100,"ix":5},"r":1,"bm":0,"nm":"Fill 1","mn":"ADBE Vector Graphic - Fill","hd":false},{"ty":"tr","p":{"a":0,"k":[-0.225,-1.069],"ix":2},"a":{"a":0,"k":[0,0],"ix":1},"s":{"a":0,"k":[100,100],"ix":3},"r":{"a":0,"k":0,"ix":6},"o":{"a":0,"k":100,"ix":7},"sk":{"a":0,"k":0,"ix":4},"sa":{"a":0,"k":0,"ix":5},"nm":"Transform"}],"nm":"Rectangle 1","np":3,"cix":2,"bm":0,"ix":1,"mn":"ADBE Vector Group","hd":false}],"ip":0,"op":1202,"st":0,"bm":0}],"markers":[]}